id,date,link,title
0,2020-6-6,/cftz/20200606/28670.html,关于对中国U19国家男子足球队球员陶强龙、刘祝润、彭号、任丽昊、韩东、何龙海违规违纪的处罚决定
1,2019-11-5,/cftz/20191105/28428.html,关于对广州富力足球俱乐部队官员斯托伊科维奇违规违纪的处罚决定
2,2019-11-5,/cftz/20191105/28427.html,关于对天津泰达足球俱乐部U19队球员赵研博违规违纪的处罚决定
3,2019-10-24,/cftz/20191024/28426.html,关于对淄博蹴鞠足球俱乐部队球员张丰羽违规违纪的处罚决定
4,2019-10-24,/cftz/20191024/28425.html,关于对四川优必选足球俱乐部队球员耿晓顺违规违纪的处罚决定
5,2019-10-24,/cftz/20191024/28424.html,关于对成都兴城足球俱乐部队球员胡明天违规违纪的处罚决定
6,2019-10-24,/cftz/20191024/28423.html,关于对大连千兆足球俱乐部队球员董志远违规违纪的处罚决定
7,2019-10-24,/cftz/20191024/28422.html,关于对大连千兆足球俱乐部队官员刘宏毅违规违纪的处罚决定
8,2019-10-24,/cftz/20191024/28421.html,关于对河北精英女子足球队官员侯智敏违规违纪的处罚决定
9,2019-10-24,/cftz/20191024/28420.html,关于对上海申鑫足球俱乐部U19队球员苗祥涛违规违纪的处罚决定
10,2019-9-27,/cftz/20190927/28166.html,中国足协关于天津天海俱乐部球员张鹭的处罚决定
11,2019-9-21,/cftz/20190921/28083.html,中国足协关于天津天海俱乐部球员张鹭涉嫌违法行为的处罚决定
12,2019-9-20,/cftz/20190920/28080.html,关于对保定英利易通足球俱乐部未执行中国足协仲裁调解书的处罚决定
13,2019-9-20,/cftz/20190920/28079.html,关于对大连一方足球俱乐部队球员李建滨违规违纪的处罚决定
14,2019-9-20,/cftz/20190920/28078.html,关于对内蒙古中优足球俱乐部呼和浩特队违规违纪的处罚决定
15,2019-9-20,/cftz/20190920/28077.html,关于对内蒙古中优足球俱乐部呼和浩特队球员于帅、李健违规违纪的处罚决定
16,2019-9-20,/cftz/20190920/28076.html,关于对中国U-22国家男子足球队运动员郭田雨违规违纪的处罚决定
17,2019-9-11,/cftz/20190911/28004.html,关于对上海申鑫足球俱乐部队球员李万杰、李伟杰违规违纪的处罚决定
18,2019-9-3,/cftz/20190903/27978.html,关于对浙江绿城足球俱乐部队球员程进违规违纪的处罚决定
19,2019-9-3,/cftz/20190903/27977.html,关于对广州富力足球俱乐部队球员托西奇违规违纪的处罚决定
20,2019-8-9,/cftz/20190809/27871.html,关于对贵州恒丰足球俱乐部队官员谭雨涛违规违纪的处罚决定
21,2019-8-9,/cftz/20190809/27870.html,关于对武汉卓尔职业足球俱乐部队及其官员李铁违规违纪的处罚决定
22,2019-7-31,/cftz/20190731/27813.html,关于对河南建业足球俱乐部U19队球员刘家辉违规违纪的处罚决定
23,2019-7-31,/cftz/20190731/27812.html,关于对辽宁足球俱乐部沈阳宏运队球员李成林违规违纪的处罚决定
24,2019-7-23,/cftz/20190723/27720.html,关于对江苏苏宁足球俱乐部苏宁易购队球员帕莱塔违规违纪的处罚决定
25,2019-7-19,/cftz/20190719/27698.html,关于对内蒙古中优足球俱乐部U19队球员贾晨浩违规违纪的处罚决定
26,2019-7-19,/cftz/20190719/27697.html,关于对延边足协U19队球员梁兵违规违纪的处罚决定
27,2019-7-19,/cftz/20190719/27696.html,关于对江苏苏宁足球俱乐部苏宁易购队球员谢鹏飞违规违纪的处罚决定
28,2019-7-19,/cftz/20190719/27695.html,关于对江苏苏宁足球俱乐部苏宁易购队球员叶重秋违规违纪的处罚决定
29,2019-7-17,/cftz/20190717/27688.html,中国足协关于对成都胜利十一人足球俱乐部及廖勇等5人违规违纪的处罚决定
30,2019-7-12,/cftz/20190712/27666.html,关于将西安市鄠邑区足球协会对张宏伟违规违纪的处罚决定在全国执行的通知
31,2019-7-12,/cftz/20190712/27665.html,关于将西安市足球协会对郭弈辉违规违纪处罚决定在全国执行的通知
32,2019-7-12,/cftz/20190712/27664.html,关于对南通支云足球俱乐部队及其官员李毅违规违纪的处罚决定
33,2019-7-12,/cftz/20190712/27662.html,关于对中甲联赛黑龙江赛区（黑龙江FC主场）违规违纪的处罚决定
34,2019-7-12,/cftz/20190712/27667.html,关于对深圳足球俱乐部U19队球员李威违规违纪的处罚决定
35,2019-7-4,/cftz/20190704/27543.html,关于对中超联赛武汉赛区（武汉卓尔主场）违规违纪的处罚决定
36,2019-7-4,/cftz/20190704/27542.html,关于对山东鲁能泰山足球俱乐部队球员费莱尼违规违纪的处罚决定
37,2019-6-20,/cftz/20190620/27427.html,关于对中甲联赛贵州赛区（贵州恒丰足球俱乐部主场）违规违纪的处罚决定
38,2019-6-20,/cftz/20190620/27426.html,关于对广东梅州客家足球俱乐部队球员霍亮违规违纪的处罚决定
39,2019-6-20,/cftz/20190620/27425.html,关于对北京北体大足球俱乐部U14队官员武闻广违规违纪的处罚决定
40,2019-6-11,/cftz/20190611/27361.html,关于对北京北体大足球俱乐部及其U17队违规违纪的处罚决定
41,2019-6-11,/cftz/20190611/27360.html,关于对青岛中能足球俱乐部及其U17队违规违纪的处罚决定
42,2019-6-11,/cftz/20190611/27359.html,关于对青岛中能足球俱乐部U17队球员胡俊超、元祯浜、韩金志、崔子骏、王浩违规违纪的处罚决定
43,2019-6-11,/cftz/20190611/27358.html,关于对北京北体大足球俱乐部U17队球员李俊驹、马万、孙航、陈凡、范学梁、陈禹全违规违纪的处罚决定
44,2019-6-11,/cftz/20190611/27357.html,关于对天津天海足球俱乐部U19队官员田野违规违纪的处罚决定
45,2019-6-11,/cftz/20190611/27356.html,关于对山东鲁能泰山足球俱乐部队球员李海龙违规违纪的处罚决定
46,2019-5-29,/cftz/20190529/27246.html,关于对长春亚泰足球俱乐部队官员杨敬东、陈金刚违规违纪的处罚决定
47,2019-5-29,/cftz/20190529/27245.html,关于对四川隆发足球俱乐部队官员彭晓方违规违纪的处罚决定
48,2019-5-29,/cftz/20190529/27244.html,关于对南通支云足球俱乐部队官员亚瑟违规违纪的处罚决定
49,2019-5-24,/cftz/20190524/27215.html,关于对成都棠湖外国语学校U19队官员朱峰鹏违规违纪的处罚决定
50,2019-5-7,/cftz/20190507/26978.html,关于对北京北体大足球俱乐部队球员聂涛违规违纪的处罚决定
51,2019-5-7,/cftz/20190507/26977.html,关于对河北华夏幸福足球俱乐部队球员耿晓峰违规违纪的处罚决定
52,2019-5-2,/cftz/20190502/26894.html,关于对新疆天山雪豹足球俱乐部预备队官员马克违规违纪的处罚决定
53,2019-5-2,/cftz/20190502/26893.html,关于对上海申鑫足球俱乐部队官员朱炯违规违纪的处罚决定
54,2019-4-26,/cftz/20190426/26882.html,关于对广东华南虎足球俱乐部梅县铁汉生态队球员余文鹤违规违纪的处罚决定
55,2019-4-26,/cftz/20190426/26881.html,关于对广东华南虎足球俱乐部梅县铁汉生态队、长春亚泰足球俱乐部队违规违纪的处罚决定
56,2019-4-26,/cftz/20190426/26880.html,关于对长春亚泰足球俱乐部队球员周大地违规违纪的处罚决定
57,2019-4-19,/cftz/20190419/26838.html,关于对大连一方足球俱乐部队球员李帅违规违纪的处罚决定
58,2019-4-19,/cftz/20190419/26837.html,关于对内蒙古中优足球俱乐部呼和浩特足球队球员徐擎违规违纪的处罚决定
59,2019-4-19,/cftz/20190419/26836.html,关于对青岛中青英联足球俱乐部队球员徐海亮、陈晓东违规违纪的处罚决定
60,2019-4-19,/cftz/20190419/26835.html,关于对室内五人制甲级联赛上海上汽同济大学队官员马红兵违规违纪的处罚决定
61,2019-4-11,/cftz/20190411/26753.html,关于对上海绿地申花俱乐部运动员周俊辰缩减处罚期限的决定
62,2019-4-3,/cftz/20190403/26679.html,关于对南通支云足球俱乐部队球员南云齐违规违纪的处罚决定
63,2019-4-3,/cftz/20190403/26678.html,关于对中甲联赛四川都江堰赛区违规违纪的处罚决定
64,2019-4-3,/cftz/20190403/26676.html,关于对深圳市足球俱乐部佳兆业队球员葛振违规违纪的处罚决定
65,2019-4-3,/cftz/20190403/26674.html,关于对武汉卓尔职业足球俱乐部队球员拉斐尔•席尔瓦违规违纪的处罚决定
66,2019-4-3,/cftz/20190403/26673.html,关于对青超联赛U19（B组）重庆赛区违规违纪的处罚决定
67,2019-4-3,/cftz/20190403/26672.html,关于对重庆当代力帆足球俱乐部、浙江毅腾足球俱乐部违规违纪的处罚决定
68,2019-4-3,/cftz/20190403/26671.html,关于对浙江毅腾U19队球员阿力马斯、艾则麦提江违规违纪的处罚决定
69,2019-4-3,/cftz/20190403/26670.html,关于对重庆斯威U19队球员满源、马德福、肖鑫鑫、李博文违规违纪的处罚决定
70,2019-4-3,/cftz/20190403/26669.html,关于对天津天海U19队官员田野违规违纪的处罚决定
71,2019-3-25,/cftz/20190325/26587.html,关于对青岛中能足球俱乐部未执行国际足联裁决的处罚决定
72,2019-3-7,/cftz/20190307/26449.html,关于对新疆天山雪豹U19队球员阿克卓力•何孜尔汗违规违纪的处罚决定
73,2019-3-7,/cftz/20190307/26448.html,关于对上海绿地申花足球俱乐部队球员柏佳骏、孙世林违规违纪的处罚决定
74,2019-2-28,/cftz/20190228/26417.html,关于取消大连超越、上海申梵、深圳人人、海南博盈足球俱乐部注册资格的处罚决定
75,2019-2-28,/cftz/20190228/26415.html,关于将《闽足纪字〔2019〕001号处罚决定》在全国执行的通知
76,2018-11-15,/cftz/20181115/25622.html,关于对河南建业足球俱乐部队球员顾操违规违纪的处罚决定
77,2018-11-9,/cftz/20181109/25569.html,关于对长春农商银行女子足球队官员李伟奇违规违纪的处罚决定
78,2018-11-9,/cftz/20181109/25568.html,关于对内蒙古满洲里边城雪狼足球俱乐部队球员谢飞违规违纪的处罚决定
79,2018-10-31,/cftz/20181031/25512.html,关于对山东鲁能泰山足球俱乐部队球员塔尔德利违规违纪的处罚决定
80,2018-10-31,/cftz/20181031/25511.html,关于对上海上港集团足球俱乐部队违规违纪的处罚决定
81,2018-10-31,/cftz/20181031/25510.html,关于对四川都江堰赛区违规违纪的处罚决定
82,2018-10-27,/cftz/20181027/25493.html,关于沈阳城市足球俱乐部队球员李志斌违规违纪的处罚决定
83,2018-10-27,/cftz/20181027/25492.html,关于沈阳城市足球俱乐部队俱乐部官员徐冀宁违规违纪的处罚决定
84,2018-10-27,/cftz/20181027/25491.html,关于对宁夏吴忠赛区违规违纪的处罚决定
85,2018-10-27,/cftz/20181027/25490.html,关于长春大众卓越女子U14足球队官员王维鹤违规违纪的处罚决定
86,2018-10-27,/cftz/20181027/25489.html,关于对恒大足球学校U19B队球员马升违规违纪的处罚决定
87,2018-10-27,/cftz/20181027/25488.html,关于对武汉卓尔职业足球俱乐部U19队球员丁荆龙违规违纪的处罚决定
88,2018-10-27,/cftz/20181027/25487.html,关于对浙江绿城足球俱乐部U19队球员邵仁哲违规违纪的处罚决定
89,2018-10-27,/cftz/20181027/25486.html,关于对延边富德足球俱乐部队违规违纪的处罚决定
90,2018-10-27,/cftz/20181027/25485.html,关于对江苏苏宁足球俱乐部苏宁易购队违规违纪的处罚决定
91,2018-10-18,/cftz/20181018/25356.html,关于对上海上港集团足球俱乐部队俱乐部官员佩雷拉违规违纪的处罚决定
92,2018-10-18,/cftz/20181018/25355.html,关于对青岛赛区（青岛中能足球俱乐部队主场）违规违纪的处罚决定
93,2018-10-3,/cftz/20181003/25097.html,关于对河北华夏幸福足球俱乐部队球员张呈栋违规违纪的处罚决定
94,2018-10-3,/cftz/20181003/25096.html,关于对天津泰达足球俱乐部队球员白岳峰违规违纪的处罚决定
95,2018-10-3,/cftz/20181003/25095.html,关于对贵州恒丰足球俱乐部队违规违纪的处罚决定
96,2018-9-27,/cftz/20180927/25058.html,关于对贵州恒丰足球俱乐部队官员佩德莱斯库违规违纪的处罚决定
97,2018-9-27,/cftz/20180927/25057.html,关于对大连一方足球俱乐部队违规违纪的处罚决定
98,2018-9-27,/cftz/20180927/25056.html,关于对北京人和足球俱乐部队球员靳辉违规违纪的处罚决定
99,2018-9-17,/cftz/20180917/24984.html,关于对中国U19国家男子足球队运动员周俊辰违规违纪的处罚决定
100,2018-9-13,/cftz/20180913/24952.html,关于对长春农商银行女子足球队官员李伟奇违规违纪的处罚决定
101,2018-9-13,/cftz/20180913/24951.html,关于对黑龙江火山鸣泉足球俱乐部队违规违纪的处罚决定
102,2018-9-13,/cftz/20180913/24950.html,关于对黑龙江火山鸣泉足球俱乐部队官员李海军违规违纪的处罚决定
103,2018-9-13,/cftz/20180913/24949.html,关于对内蒙古盛乐蒙羊足球俱乐部U19队球员甘彬宏违规违纪的处罚决定
104,2018-9-13,/cftz/20180913/24948.html,关于对青岛中能U19队球员周宝林违规违纪的处罚决定
105,2018-8-27,/cftz/20180827/24387.html,关于对重庆当代力帆足球俱乐部队球员隋维杰违规违纪的处罚决定 
106,2018-8-17,/cftz/20180817/24295.html,关于对青岛黄海足球俱乐部队官员米盖尔违规违纪的处罚决定
107,2018-8-17,/cftz/20180817/24294.html,关于对上海绿地申花足球俱乐部预备队官员范志毅违规违纪的处罚决定
108,2018-8-17,/cftz/20180817/24293.html,关于对北京人和足球俱乐部队球员刘健违规违纪的处罚决定
109,2018-8-10,/cftz/20180810/24243.html,关于对长春亚泰足球俱乐部队球员张力违规违纪的处罚决定
110,2018-8-10,/cftz/20180810/24242.html,关于对大连一方足球俱乐部队球员朱晓刚违规违纪的处罚决定
111,2018-8-10,/cftz/20180810/24241.html,关于对长春亚泰足球俱乐部U19队球员吕飞、刘津违规违纪的处罚决定
112,2018-8-10,/cftz/20180810/24240.html,关于对上海申鑫足球俱乐部U19队球员戴淋强、沈伊唯违规违纪的处罚决定
113,2018-8-10,/cftz/20180810/24239.html,关于对新疆天山雪豹足球俱乐部雪豹纳欢U19队球员木卡代斯违规违纪的处罚决定
114,2018-8-10,/cftz/20180810/24238.html,关于对河南建业足球俱乐部队球员卡兰加违规违纪的处罚决定
115,2018-8-10,/cftz/20180810/24236.html,关于对浙江绿城足球俱乐部队官员岳璋违规违纪的处罚决定
116,2018-8-10,/cftz/20180810/24235.html,关于对内蒙古中优足球俱乐部呼和浩特足球队官员郑才煜违规违纪的处罚决定
117,2018-8-10,/cftz/20180810/24234.html,关于对江苏苏宁足球俱乐部苏宁易购队违规违纪的处罚决定
118,2018-8-10,/cftz/20180810/24233.html,关于对陕西省大秦之水智诚女子足球队官员张峥违规违纪的处罚决定
119,2018-7-31,/cftz/20180731/24106.html,关于对江苏苏宁足球俱乐部苏宁易购队球员帕莱塔违规违纪的处罚决定
120,2018-7-25,/cftz/20180725/24089.html,关于对重庆当代力帆足球俱乐部斯威队违规违纪的处罚决定
121,2018-7-25,/cftz/20180725/24088.html,关于对浙江毅腾足球俱乐部轻纺城队球员于涛违规违纪的处罚决定
122,2018-7-25,/cftz/20180725/24084.html,关于对浙江毅腾足球俱乐部轻纺城队球员刘小龙违规违纪的处罚决定
123,2018-7-11,/cftz/20180711/24028.html,关于对上海申鑫足球俱乐部队球员张文涛违规违纪的处罚决定
124,2018-7-11,/cftz/20180711/24027.html,关于对辽宁足球俱乐部沈阳宏运U19队球员崔洪元违规违纪的处罚决定
125,2018-7-11,/cftz/20180711/24025.html,关于取消安徽合肥桂冠足球俱乐部注册资格的处罚决定
126,2018-7-11,/cftz/20180711/24024.html,关于取消沈阳东进足球俱乐部注册资格的处罚决定
127,2018-6-12,/cftz/20180612/23148.html,关于对中国国家男子足球队球员王燊超违规违纪的处罚决定
128,2018-5-24,/cftz/20180524/23055.html,关于对广州富力足球俱乐部队俱乐部官员斯托伊科维奇违规违纪的处罚决定
129,2018-5-24,/cftz/20180524/23054.html,关于对贵州恒丰足球俱乐部队俱乐部官员南多违规违纪的处罚决定
130,2018-5-24,/cftz/20180524/23053.html,关于对北京人和足球俱乐部队球员奥古斯托违规违纪的处罚决定
131,2018-5-24,/cftz/20180524/23052.html,关于对贵州恒丰足球俱乐部u19队违规违纪的处罚决定
132,2018-5-24,/cftz/20180524/23051.html,关于对江苏苏宁足球俱乐部苏宁易购u19队违规违纪的处罚决定
133,2018-5-24,/cftz/20180524/23050.html,关于对江苏苏宁足球俱乐部苏宁易购u19队球员姚春阳违规违纪的处罚决定
134,2018-5-16,/cftz/20180516/23049.html,关于对青岛黄海足球俱乐部队俱乐部官员于红毅违规违纪的处罚决定
135,2018-5-16,/cftz/20180516/23048.html,关于对青岛黄海赛区（青岛黄海足球俱乐部队）违规违纪的处罚决定
136,2018-5-16,/cftz/20180516/23047.html,关于对青岛黄海足球俱乐部队违规违纪的处罚决定
137,2018-5-16,/cftz/20180516/23046.html,关于对重庆当代力帆足球俱乐部斯威u19队球员蔡松烨违规违纪的处罚决定
138,2018-5-16,/cftz/20180516/23045.html,关于对重庆当代力帆足球俱乐部斯威队官员保罗·本托违规违纪的处罚决定
139,2018-5-16,/cftz/20180516/23044.html,关于对梅州市梅县区铁汉足球俱乐部铁汉生态队球员穆里奇违规违纪的处罚决定
140,2018-5-16,/cftz/20180516/23043.html,关于对青岛黄海足球俱乐部队球员王飞违规违纪的处罚决定
141,2018-5-16,/cftz/20180516/23042.html,关于对浙江绿城足球俱乐部队球员迪诺违规违纪的处罚决定
142,2018-5-16,/cftz/20180516/23041.html,关于对青岛黄海足球俱乐部队球员王栋违规违纪的处罚决定
143,2018-5-15,/cftz/20180515/23028.html,关于对延边富德足球俱乐部队球员蔡清锡违规违纪的处罚决定
144,2018-5-11,/cftz/20180511/23000.html,关于对延边富德足球俱乐部队官员李迪违规违纪的处罚决定
145,2018-5-11,/cftz/20180511/22999.html,关于对上海上港集团足球俱乐部队球员傅欢违规违纪的处罚决定
146,2018-5-4,/cftz/20180504/22992.html,关于对天津泰达足球俱乐部队球员乔纳森违规违纪的处罚决定
147,2018-5-4,/cftz/20180504/22991.html,关于对天津泰达足球俱乐部队球员黄永志违规违纪的处罚决定
148,2018-5-4,/cftz/20180504/22990.html,关于对内蒙古盛乐蒙羊足球俱乐部队官员Cederique违规违纪的处罚决定
149,2018-5-4,/cftz/20180504/22989.html,关于对武汉卓尔职业足球俱乐部队官员任忠新违规违纪的处罚决定
150,2018-4-27,/cftz/20180427/22970.html,关于对上海绿地申花足球俱乐部队违规违纪的处罚决定
151,2018-4-27,/cftz/20180427/22969.html,关于对大连博阳足球俱乐部千兆队球员韩学庚违规违纪的处罚决定
152,2018-4-27,/cftz/20180427/22968.html,关于对辽宁足球俱乐部沈阳宏运队球员倪玉崧违规违纪的处罚决定
153,2018-4-27,/cftz/20180427/22967.html,关于对新疆足球协会-U17-足球队违规违纪的处罚决定
154,2018-4-27,/cftz/20180427/22966.html,关于对新疆足球协会-U17-足球队球员帕依组拉、伊力扎特、阿布力克木、伊卜拉伊木、官员排合尔丁违规违纪的处罚决定
155,2018-4-27,/cftz/20180427/22965.html,关于对上海绿地申花足球俱乐部队违规违纪的处罚决定
156,2018-4-27,/cftz/20180427/22964.html,关于对上海绿地申花足球俱乐部队球员宋润潼、陈申吉违规违纪的处罚决定
157,2018-4-27,/cftz/20180427/22963.html,关于对大连超越足球俱乐部队官员邹鹏违规违纪的处罚决定
158,2018-4-19,/cftz/20180419/22951.html,关于在中国足协管辖范围内的正式比赛中执行浙足字〔2018〕18号文件的处理决定
159,2018-4-19,/cftz/20180419/22950.html,关于对河北保定赛区（保定英利易通俱乐部容大队主场）违规违纪的处罚决定
160,2018-4-19,/cftz/20180419/22949.html,关于对北京控股足球俱乐部队官员程晓鹏违规违纪的处罚决定
161,2018-4-19,/cftz/20180419/22948.html,关于对延边富德足球俱乐部队球员古兹米奇违规违纪的处罚决定
162,2018-4-12,/cftz/20180412/22929.html,关于对青岛赛区（青岛黄海足球俱乐部队主场）违规违纪的处罚决定
163,2018-4-12,/cftz/20180412/22928.html,关于对青岛黄海足球俱乐部队违规违纪的处罚决定
164,2018-4-12,/cftz/20180412/22927.html,关于对辽宁足球俱乐部沈阳宏运队违规违纪的处罚决定
165,2018-4-12,/cftz/20180412/22926.html,关于对辽宁足球俱乐部沈阳宏运队球员冯伯元违规违纪的处罚决定
166,2018-4-12,/cftz/20180412/22925.html,关于对辽宁足球俱乐部沈阳宏运队官员袁哲违规违纪的处罚决定
167,2018-4-12,/cftz/20180412/22924.html,关于对广州恒大淘宝足球俱乐部队球员司徒华龙、王军辉违规违纪的处罚决定
168,2018-4-12,/cftz/20180412/22923.html,关于对长春亚泰足球俱乐部队官员刘建勋违规违纪的处罚决定
169,2018-4-12,/cftz/20180412/22922.html,关于对上海绿地申花足球俱乐部队违规违纪的处罚决定 
170,2018-4-10,/cftz/20180410/22921.html,关于对内蒙古中优足球俱乐部呼和浩特足球队违规违纪的处罚决定
171,2018-4-10,/cftz/20180410/22920.html,关于对延边富德足球俱乐部队违规违纪的处罚决定
172,2018-4-10,/cftz/20180410/22919.html,关于对贵州恒丰足球俱乐部队违规违纪的处罚决定
173,2018-4-10,/cftz/20180410/22918.html,关于对河南建业足球俱乐部队球员靳琪违规违纪的处罚决定
174,2018-4-10,/cftz/20180410/22917.html,关于对广州恒大淘宝足球俱乐部队球员阿兰违规违纪的处罚决定
175,2018-4-2,/cftz/20180402/22834.html,关于对湖南益阳赛区违规违纪的处罚决定
176,2018-4-2,/cftz/20180402/22833.html,关于对淄博星期天足球俱乐部队官员钱鼎违规违纪的处罚决定
177,2018-3-26,/cftz/20180326/22832.html,关于对青岛辰希足球俱乐部队球员李琨违规违纪的处罚决定
178,2018-3-26,/cftz/20180326/22831.html,关于对深圳南岭铁狼足球俱乐部队官员乔尼弗违规违纪的处罚决定
179,2018-3-26,/cftz/20180326/22830.html,关于对大连统顺足球俱乐部队违规违纪的处罚决定
180,2018-3-26,/cftz/20180326/22829.html,关于对大连统顺足球俱乐部队球员刘鑫违规违纪的处罚决定
181,2018-3-26,/cftz/20180326/22828.html,关于对大连统顺足球俱乐部队球员刘兴勇违规违纪的处罚决定
182,2018-3-26,/cftz/20180326/22827.html,关于对大连统顺足球俱乐部队官员王魁违规违纪的处罚决定
183,2018-3-26,/cftz/20180326/22826.html,关于对辽宁足球俱乐部沈阳宏运队球员王皓违规违纪的处罚决定
184,2018-3-26,/cftz/20180326/22825.html,关于对天津权健足球俱乐部队球员晏紫豪违规违纪的处罚决定
185,2018-3-26,/cftz/20180326/22824.html,关于对天津泰达足球俱乐部队官员施蒂利克违规违纪的处罚决定
186,2018-2-13,/cftz/20180213/22723.html,关于对安徽合肥桂冠足球俱乐部球员刘博违规违纪的处罚决定
187,2018-1-30,/cftz/20180130/22690.html,关于对天津权健足球俱乐部球员张修维违规违纪的处罚决定
188,2018-1-30,/cftz/20180130/22689.html,关于对大连瑞恒足球俱乐部队球员广超违规违纪的处罚决定
189,2018-1-30,/cftz/20180130/22688.html,关于对大连瑞恒足球俱乐部队官员梁瑞夫违规违纪的处罚决定
190,2018-1-30,/cftz/20180130/22687.html,关于对重庆劲浪足球俱乐部队球员李明星违规违纪的处罚决定
191,2018-1-30,/cftz/20180130/22686.html,关于对杭州吴越钱唐足球俱乐部队官员黄旭违规违纪的处罚决定
192,2018-1-30,/cftz/20180130/22685.html,关于终止《关于暂停张修维参加中国足球协会举办的正式足球活动的通知》效力的决定
193,2017-12-28,/cftz/20171228/22628.html,关于对上海赛区（上海上港集团足球俱乐部主场）违规违纪的处罚决定
194,2017-12-8,/cftz/20171208/22517.html,关于对南京沙叶足球俱乐部队球员王存违规违纪的处罚决定
195,2017-12-8,/cftz/20171208/22516.html,关于对上海绿地申花足球俱乐部队违规违纪的处罚决定
196,2017-11-16,/cftz/20171116/22287.html,对青岛天赢足球俱乐部队球员肖扬违规违纪的处罚决定 
197,2017-11-16,/cftz/20171116/22286.html,对河南建业足球俱乐部队球员杜长杰违规违纪的处罚决定 
198,2017-11-16,/cftz/20171116/22285.html,对云南丽江足球俱乐部丽江飞虎队球员宋涛违规违纪的处罚决定 
199,2017-11-3,/cftz/20171103/22284.html,对石家庄永昌足球俱乐部队球员薛琪违规违纪的处罚决定
200,2017-11-3,/cftz/20171103/22283.html,对北京中赫国安足球俱乐部队球员李思琦违规违纪的处罚决定
201,2017-11-3,/cftz/20171103/22282.html,对江苏苏宁足球俱乐部苏宁易购队球员王夕杰违规违纪的处罚决定
202,2017-11-3,/cftz/20171103/22281.html,对辽宁足球俱乐部沈阳开新队球员卜男违规违纪的处罚决定
203,2017-11-3,/cftz/20171103/22280.html,对沈阳东进足球俱乐部队球员邢凯违规违纪的处罚决定
204,2017-11-3,/cftz/20171103/22279.html,对深圳市足球俱乐部佳兆业足球队球员梁雨违规违纪的处罚决定 
205,2017-11-3,/cftz/20171103/22278.html,对大连超越足球俱乐部队球员唐立真违规违纪的处罚决定
206,2017-11-3,/cftz/20171103/22277.html,对石家庄永昌足球俱乐部队球员冯绍顺违规违纪的处罚决定
207,2017-11-3,/cftz/20171103/22276.html,对杭州绿城足球俱乐部队球员葛振违规违纪的处罚决定 
208,2017-11-3,/cftz/20171103/22275.html,对深圳市足球俱乐部佳兆业足球队球员徐亮违规违纪的处罚决定 
209,2017-11-3,/cftz/20171103/22274.html,对云南丽江足球俱乐部丽江飞虎队球员金炫训违规违纪的处罚决定 
210,2017-11-3,/cftz/20171103/22273.html,对贵州恒丰智诚足球俱乐部队违规违纪的处罚决定
211,2017-11-3,/cftz/20171103/22272.html,关于对江苏苏宁足球俱乐部苏宁易购队违规违纪的处罚决定
212,2017-11-3,/cftz/20171103/22271.html,关于对北京中赫国安足球俱乐部队球员张稀哲违规违纪的处罚决定
213,2017-10-27,/cftz/20171027/22173.html,关于对梅州市梅县区铁汉足球俱乐部队球员顾文祥违规违纪的处罚决定 
214,2017-10-27,/cftz/20171027/22172.html,关于对天津泰达足球俱乐部亿利队球员王栋违规违纪的处罚决定 
215,2017-10-27,/cftz/20171027/22171.html,关于对河北华夏幸福足球俱乐部队球员宋文杰违规违纪的处罚决定 
216,2017-10-27,/cftz/20171027/22170.html,关于对广州恒大淘宝足球俱乐部队违规违纪的处罚决定
217,2017-10-27,/cftz/20171027/22169.html,关于对广州恒大淘宝足球俱乐部队违规违纪的处罚决定 
218,2017-10-27,/cftz/20171027/22168.html,关于对浙江毅腾足球俱乐部队违规违纪的处罚决定 
219,2017-10-27,/cftz/20171027/22167.html,关于对云南丽江赛区（云南丽江足球俱乐部丽江飞虎队主场）违规违纪的处罚决定 
220,2017-10-27,/cftz/20171027/22166.html,关于对齐齐哈尔中建商砼足球俱乐部队违规违纪的处罚决定 
221,2017-10-27,/cftz/20171027/22165.html,关于对合肥桂冠足球俱乐部队违规违纪的处罚决定 
222,2017-10-27,/cftz/20171027/22164.html,关于对合肥桂冠足球俱乐部队球员汪喆违规违纪的处罚决定 
223,2017-10-27,/cftz/20171027/22163.html,关于对合肥桂冠足球俱乐部队球员任凡违规违纪的处罚决定 
224,2017-10-27,/cftz/20171027/22161.html,关于对齐齐哈尔中建商砼足球俱乐部队球员叶辉违规违纪的处罚决定 
225,2017-10-27,/cftz/20171027/22159.html,关于对齐齐哈尔中建商砼足球俱乐部队球员赵禹丞违规违纪的处罚决定
226,2017-10-27,/cftz/20171027/22157.html,关于对齐齐哈尔中建商砼足球俱乐部队球员张庆瑞违规违纪的处罚决定
227,2017-10-27,/cftz/20171027/22156.html,关于对齐齐哈尔中建商砼足球俱乐部队官员张哲维违规违纪的处罚决定 
228,2017-10-20,/cftz/20171020/22071.html,关于对陕西女子足球队官员刘华娜违规违纪的处罚决定 
229,2017-10-20,/cftz/20171020/22070.html,关于对天津泰达足球俱乐部亿利队球员周其明违规违纪的处罚决定 
230,2017-10-20,/cftz/20171020/22069.html,关于对天津泰达足球俱乐部亿利队球员聂涛违规违纪的处罚决定 
231,2017-10-20,/cftz/20171020/22068.html,关于对长春亚泰足球俱乐部队球员祎凡违规违纪的处罚决定 
232,2017-10-20,/cftz/20171020/22067.html,关于对延边富德足球俱乐部队官员朴泰夏违规违纪的处罚决定 
233,2017-10-20,/cftz/20171020/22066.html,关于对广州恒大淘宝足球俱乐部队官员斯科拉里违规违纪的处罚决定 
234,2017-10-20,/cftz/20171020/22065.html,关于对上海上港集团足球俱乐部队官员佩德罗违规违纪的处罚决定 
235,2017-10-13,/cftz/20171013/22064.html,关于对上海上港集团足球俱乐部队官员威尔违规违纪的处罚决定 
236,2017-10-13,/cftz/20171013/22063.html,关于对北京赛区（北京中赫国安足球俱乐部队主场）违规违纪的处罚决定 
237,2017-10-13,/cftz/20171013/22062.html,关于对北京赛区比赛官员王晓刚违规违纪的处罚决定
238,2017-10-13,/cftz/20171013/22061.html,关于对贵州恒丰智诚足球俱乐部队官员罗政违规违纪的处罚决定 
239,2017-10-13,/cftz/20171013/22058.html,关于对河南建业足球俱乐部队球员杨成玉违规违纪的处罚决定 
240,2017-10-13,/cftz/20171013/22057.html,关于对广州恒大淘宝足球俱乐部队球员吴笑天违规违纪的处罚决定 
241,2017-10-13,/cftz/20171013/22056.html,关于对肇庆恒泰足球俱乐部队官员杨志恒违规违纪的处罚决定 
242,2017-10-13,/cftz/20171013/22055.html,关于对肇庆恒泰足球俱乐部队球员梁言违规违纪的处罚决定 
243,2017-10-13,/cftz/20171013/22054.html,关于对广州恒大淘宝足球俱乐部队球员金英权违规违纪的处罚决定 
244,2017-10-13,/cftz/20171013/22053.html,关于对上海上港集团足球俱乐部队官员谢晖违规违纪的处罚决定
245,2017-10-12,/cftz/20171012/22052.html,关于对浙江毅腾足球俱乐部队球员于涛违规违纪的处罚决定 
246,2017-10-12,/cftz/20171012/22050.html,关于对浙江毅腾足球俱乐部队官员王军违规违纪的处罚决定
247,2017-10-12,/cftz/20171012/22042.html,关于对天津权健足球俱乐部队球员裴帅违规违纪的处罚决定 
248,2017-9-30,/cftz/20170930/21992.html,关于对北京理工足球俱乐部队球员龚正违规违纪的处罚决定
249,2017-9-30,/cftz/20170930/21991.html,关于对青岛中能足球俱乐部球员沙一博违规违纪的处罚决定
250,2017-9-30,/cftz/20170930/21990.html,关于对北京中赫国安足球俱乐部球员孙承威违规违纪的处罚决定
251,2017-9-30,/cftz/20170930/21989.html,关于对广州恒大淘宝足球俱乐部队球员陈泽鹏违规违纪的处罚决定
252,2017-9-30,/cftz/20170930/21988.html,关于对广州恒大淘宝足球俱乐部队违规违纪的处罚决定
253,2017-9-30,/cftz/20170930/21987.html,关于对广州恒大淘宝足球俱乐部队球员张琳芃违规违纪的处罚决定
254,2017-9-30,/cftz/20170930/21986.html,关于对北京中赫国安足球俱乐部队球员赵和靖违规违纪的处罚决定
255,2017-9-30,/cftz/20170930/21985.html,关于对山东鲁能泰山足球俱乐部队官员郝伟违规违纪的处罚决定
256,2017-9-30,/cftz/20170930/21984.html,关于对上海上港集团足球俱乐部队官员丹尼尔违规违纪的处罚决定
257,2017-9-30,/cftz/20170930/21983.html,关于对上海上港集团足球俱乐部队官员博阿斯违规违纪的处罚决定
258,2017-9-22,/cftz/20170922/21982.html,关于对山东鲁能足球俱乐部队违规违纪的处罚决定
259,2017-9-22,/cftz/20170922/21981.html,关于对北京中赫国安足球俱乐部球员王巍博违规违纪的处罚决定
260,2017-9-22,/cftz/20170922/21980.html,关于对合肥赛区（合肥桂冠足球队主场）违规违纪的处罚决定
261,2017-9-22,/cftz/20170922/21979.html,关于对合肥桂冠足球队球员刘博违规违纪的处罚决定
262,2017-9-22,/cftz/20170922/21978.html,关于对青海赛区（青海庄伯足球队主场）违规违纪的处罚决定
263,2017-9-22,/cftz/20170922/21977.html,关于对青岛康太源足球队官员徐尚违规违纪的处罚决定
264,2017-9-22,/cftz/20170922/21976.html,关于对青岛康太源足球队官员刘瑶违规违纪的处罚决定
265,2017-9-22,/cftz/20170922/21975.html,关于对青岛康太源足球队官员蓝立宁违规违纪的处罚决定
266,2017-9-22,/cftz/20170922/21974.html,关于对沈阳东进足球俱乐部队球员米扎尔·阿力木违规违纪的处罚决定
267,2017-9-22,/cftz/20170922/21973.html,关于对广州恒大淘宝足球俱乐部队违规违纪的处罚决定
268,2017-9-22,/cftz/20170922/21972.html,关于对河南建业足球俱乐部队球员杨阔违规违纪的处罚决定
269,2017-9-15,/cftz/20170915/21868.html,关于对深圳市足球俱乐部佳兆业足球队球员罗西违规违纪的处罚决定
270,2017-9-15,/cftz/20170915/21867.html,关于对上海申鑫足球俱乐部队球员夏宁宁违规违纪的处罚决定
271,2017-9-15,/cftz/20170915/21866.html,关于对新疆天山雪豹足球俱乐部新疆体彩队官员严明超违规违纪的处罚决定
272,2017-9-15,/cftz/20170915/21865.html,关于对大连一方足球俱乐部队官员柳忠长违规违纪的处罚决定
273,2017-9-15,/cftz/20170915/21864.html,关于对石家庄永昌足球俱乐部队球员矫喆违规违纪的处罚决定
274,2017-9-15,/cftz/20170915/21863.html,关于对深圳市足球俱乐部佳兆业足球队球员乔巍违规违纪的处罚决定
275,2017-9-15,/cftz/20170915/21862.html,关于对浙江毅腾足球俱乐部队球员奥古斯托违规违纪的处罚决定
276,2017-9-14,/cftz/20170914/21861.html,关于暂停张修维参加中国足球协会举办的正式足球活动的通知
277,2017-9-11,/cftz/20170911/21860.html,关于对辽宁足球俱乐部球员何亚奇违规违纪的处罚决定
278,2017-9-11,/cftz/20170911/21859.html,关于对大连赛区（大连一方足球俱乐部队主场）违规违纪的处罚决定
279,2017-9-11,/cftz/20170911/21858.html,关于对河北石家庄赛区（石家庄永昌足球俱乐部队主场）违规违纪的处罚决定
280,2017-9-11,/cftz/20170911/21857.html,关于对大连一方足球俱乐部队球员孙铂违规违纪的处罚决定
281,2017-9-11,/cftz/20170911/21856.html,关于对浙江毅腾足球俱乐部队球员刘越违规违纪的处罚决定
282,2017-9-11,/cftz/20170911/21855.html,关于对杭州绿城足球俱乐部队球员王瑒违规违纪的处罚决定
283,2017-9-1,/cftz/20170901/21854.html,关于对武汉卓尔职业足球俱乐部队球员埃弗拉违规违纪的处罚决定
284,2017-9-1,/cftz/20170901/21853.html,关于对上海上港集团足球俱乐部队球员艾哈迈多夫违规违纪的处罚决定
285,2017-9-1,/cftz/20170901/21852.html,关于对石家庄永昌足球俱乐部队球员高增翔违规违纪的处罚决定
286,2017-9-1,/cftz/20170901/21851.html,关于对天津彬泰顺足球俱乐部队官员张一违规违纪的处罚决定
287,2017-9-1,/cftz/20170901/21850.html,关于对青岛黄海足球俱乐部队官员高鲲违规违纪的处罚决定
288,2017-9-1,/cftz/20170901/21849.html,关于对沈阳西成足球俱乐部队球员王明宇违规违纪的处罚决定
289,2017-9-1,/cftz/20170901/21848.html,关于对武汉卓尔职业足球俱乐部队官员阮行违规违纪的处罚决定
290,2017-8-25,/cftz/20170825/21847.html,关于对青岛红狮足球俱乐部队球员孙明卿违规违纪的处罚决定
291,2017-8-25,/cftz/20170825/21846.html,关于对内蒙古包头南郊足球俱乐部违规违纪的处罚决定
292,2017-8-25,/cftz/20170825/21845.html,关于对青岛红狮足球俱乐部队球员赖亚轮违规违纪的处罚决定
293,2017-8-25,/cftz/20170825/21844.html,关于对内蒙古包头赛区（内蒙古包头南郊足球俱乐部包头鹿城草上飞队主场）违规违纪的处罚决定
294,2017-8-25,/cftz/20170825/21843.html,关于对银川贺兰山足球俱乐部宁夏山屿海队球员吴禹寅违规违纪的处罚决定
295,2017-8-25,/cftz/20170825/21842.html,关于对保定英利易通足球俱乐部容大队官员尚青违规违纪的处罚决定
296,2017-8-25,/cftz/20170825/21841.html,关于对上海申鑫足球俱乐部队官员邹忠伟违规违纪的处罚决定
297,2017-8-25,/cftz/20170825/21840.html,关于对北京中赫国安足球俱乐部队违规违纪的处罚决定
298,2017-8-25,/cftz/20170825/21839.html,关于对天津权健足球俱乐部队球员赵旭日违规违纪的处罚决定
299,2017-8-25,/cftz/20170825/21838.html,关于对河北秦皇岛赛区（河北华夏幸福足球俱乐部队主场）违规违纪的处罚决定
300,2017-6-22,/cftz/20170622/18983.html,关于对上海上港集团足球俱乐部队违规违纪的处罚决定
301,2017-6-16,/cftz/20170616/18982.html,关于对北京人和足球俱乐部队球员饶伟辉违规违纪的处罚决定
302,2017-6-16,/cftz/20170616/18981.html,关于对深圳市足球俱乐部佳兆业足球队球员乔巍违规违纪的处罚决定
303,2017-6-16,/cftz/20170616/18980.html,关于对内蒙古中优足球俱乐部呼和浩特足球队球员张天翔违规违纪的处罚决定
304,2017-6-16,/cftz/20170616/18979.html,关于对武汉卓尔职业足球俱乐部队球员宋志伟违规违纪的处罚决定
305,2017-6-8,/cftz/20170608/18978.html,关于对重庆当代力帆足球俱乐部队球员尤里违规违纪的处罚决定
306,2017-6-8,/cftz/20170608/18977.html,关于对广州富力足球俱乐部队球员向柏旭违规违纪的处罚决定
307,2017-6-8,/cftz/20170608/18976.html,关于对河南建业足球俱乐部队球员靳琪违规违纪的处罚决定
308,2017-6-8,/cftz/20170608/18975.html,关于对天津泰达足球俱乐部亿利队球员高嘉润违规违纪的处罚决定
309,2017-6-8,/cftz/20170608/18974.html,关于对广东梅州客家足球俱乐部队官员亚历山大违规违纪的处罚决定
310,2017-6-8,/cftz/20170608/18973.html,关于对贵州恒丰智诚足球俱乐部队球员苏渤洋违规违纪的处罚决定
311,2017-6-2,/cftz/20170602/18972.html,关于对长春亚泰足球俱乐部队球员王金良违规违纪的处罚决定
312,2017-5-26,/cftz/20170526/7507.html,关于对球员韩天麟违规违纪的处罚决定
313,2017-5-26,/cftz/20170526/7506.html,关于对天津泰达足球俱乐部亿利队球员聊博超违规违纪的处罚决定
314,2017-5-26,/cftz/20170526/7509.html,关于对上海绿地申花足球俱乐部队球员张璐违规违纪的处罚决定
315,2017-5-26,/cftz/20170526/7508.html,关于对江苏苏宁足球俱乐部苏宁易购队球员马丁内斯违规违纪的处罚决定
316,2017-5-26,/cftz/20170526/7510.html,关于对广州赛区（广州恒大淘宝足球俱乐部队主场）违规违纪的处罚决定
317,2017-5-26,/cftz/20170526/7511.html,关于对广州恒大淘宝足球俱乐部队球员张琳芃违规违纪的处罚决定
318,2017-5-26,/cftz/20170526/7512.html,关于对上海绿地申花足球俱乐部队球员李建滨违规违纪的处罚决定
319,2017-5-26,/cftz/20170526/7513.html,关于对河南建业足球俱乐部队违规违纪的处罚决定
320,2017-5-19,/cftz/20170519/7514.html,关于对青岛中能足球俱乐部球员全龙海违规违纪的处罚决定
321,2017-5-19,/cftz/20170519/7515.html,关于对大连权健足球俱乐部球员马博违规违纪的处罚决定
322,2017-5-19,/cftz/20170519/7517.html,关于对天津泰达足球俱乐部亿利队球员聂涛违规违纪的处罚决定
323,2017-5-19,/cftz/20170519/7516.html,关于对重庆当代力帆足球俱乐部违规违纪的处罚决定
324,2017-5-19,/cftz/20170519/7518.html,关于对天津权健足球俱乐部队违规违纪的处罚决定
325,2017-5-19,/cftz/20170519/7519.html,关于对上海上港集团足球俱乐部队官员马里奥违规违纪的处罚决定
326,2017-5-12,/cftz/20170512/7520.html,关于对青岛黄海足球俱乐部队官员乔迪违规违纪的处罚决定
327,2017-5-12,/cftz/20170512/7521.html,关于对青岛黄海足球俱乐部队球员张振违规违纪的处罚决定
328,2017-5-12,/cftz/20170512/7523.html,关于对深圳市足球俱乐部佳兆业足球队球员王大龙违规违纪的处罚决定
329,2017-5-12,/cftz/20170512/7522.html,关于对浙江毅腾足球俱乐部队违规违纪的处罚决定
330,2017-5-12,/cftz/20170512/7524.html,关于对内蒙古中优足球俱乐部呼和浩特足球队违规违纪的处罚决定
331,2017-5-12,/cftz/20170512/7525.html,关于对广州恒大淘宝足球俱乐部队违规违纪的处罚决定
332,2017-5-12,/cftz/20170512/7527.html,关于对长春亚泰足球俱乐部队官员陈金刚违规违纪的处罚决定
333,2017-5-12,/cftz/20170512/7526.html,关于对江苏苏宁足球俱乐部苏宁易购队球员杨博宇违规违纪的处罚决定
334,2017-5-12,/cftz/20170512/7528.html,关于对江苏苏州赛区（苏州东吴足球俱乐部队主场）违规违纪的处罚决定
335,2017-5-12,/cftz/20170512/7529.html,关于对天津泰达足球俱乐部亿利队球员邱添一违规违纪的处罚决定
336,2017-5-6,/cftz/20170506/7530.html,关于对大连一方足球俱乐部队球员朱挺违规违纪的处罚决定
337,2017-5-6,/cftz/20170506/7532.html,关于对贵州恒丰智诚足球俱乐部队球员蒋亮违规违纪的处罚决定
338,2017-5-6,/cftz/20170506/7531.html,关于对北京人和足球俱乐部队球员张宇峰违规违纪的处罚决定
339,2017-5-6,/cftz/20170506/7533.html,关于对河南建业足球俱乐部队官员尚芃违规违纪的处罚决定
340,2017-5-6,/cftz/20170506/7534.html,关于对河南建业足球俱乐部队官员贾秀全违规违纪的处罚决定
341,2017-5-6,/cftz/20170506/7535.html,关于对天津泰达足球俱乐部亿利队球员迪亚涅违规违纪的处罚决定
342,2017-5-6,/cftz/20170506/7536.html,关于对新疆天山雪豹足球俱乐部新疆体彩队官员孙庆凯违规违纪的处罚决定
343,2017-5-6,/cftz/20170506/7537.html,关于对呼和浩特赛区（内蒙古中优足球俱乐部呼和浩特足球队主场）违规违纪的处罚决定
344,2017-5-6,/cftz/20170506/7538.html,关于对重庆赛区（重庆当代力帆足球俱乐部队主场）违规违纪的处罚决定
345,2017-5-6,/cftz/20170506/7539.html,关于对呼和浩特赛区（内蒙古中优足球俱乐部呼和浩特足球队主场）违规违纪的处罚决定
346,2017-4-27,/cftz/20170427/7540.html,关于对广州恒大淘宝足球俱乐部队官员王书成违规违纪的处罚决定
347,2017-4-27,/cftz/20170427/7541.html,关于对江西联盛足球俱乐部队球员耿志庆违规违纪的处罚决定
348,2017-4-27,/cftz/20170427/7542.html,关于对武汉卓尔职业足球俱乐部队违规违纪的处罚决定
349,2017-4-27,/cftz/20170427/7543.html,关于对河北精英足球俱乐部队官员陈勇违规违纪的处罚决定
350,2017-4-27,/cftz/20170427/7544.html,关于对球员纪超违规违纪的处罚决定
351,2017-4-21,/cftz/20170421/7545.html,关于对浙江毅腾足球俱乐部队官员王军违规违纪的处罚决定
352,2017-4-21,/cftz/20170421/7546.html,关于对保定英利易通足球俱乐部容大队官员王炜违规违纪的处罚决定
353,2017-4-14,/cftz/20170414/7548.html,关于对青岛黄海足球俱乐部队球员赵石违规违纪的处罚决定
354,2017-4-14,/cftz/20170414/7547.html,关于对江苏苏宁足球俱乐部队苏宁易购队球员刘伟违规违纪的处罚决定
355,2017-4-7,/cftz/20170407/7550.html,关于对广州富力足球俱乐部队官员戈达里察维违规违纪的处罚决定
356,2017-4-7,/cftz/20170407/7549.html,关于对大连超越足球俱乐部队球员崔宇违规违纪的处罚决定
357,2017-4-7,/cftz/20170407/7551.html,关于对保定英利易通足球俱乐部容大队官员尚青违规违纪的处罚决定
358,2017-4-7,/cftz/20170407/7552.html,关于对贵州恒丰智诚足球俱乐部队官员李胜违规违纪的处罚决定
359,2017-4-7,/cftz/20170407/7553.html,关于对北京人和足球俱乐部球员刘天祺违规违纪的处罚决定
360,2017-3-24,/cftz/20170324/7554.html,关于对青岛鲲鹏足球俱乐部先楚国际队球员郑伟违规违纪的处罚决定
361,2017-3-24,/cftz/20170324/7555.html,关于对江西联盛足球俱乐部队官员袁海强违规违纪的处罚决定
362,2017-3-24,/cftz/20170324/7556.html,关于对杭州安格足球俱乐部队球员王硕违规违纪的处罚决定
363,2017-3-24,/cftz/20170324/7557.html,关于对杭州安格足球俱乐部队球员潘业隆违规违纪的处罚决定
364,2017-3-24,/cftz/20170324/7558.html,关于对杭州安格足球俱乐部队球员胡俊违规违纪的处罚决定
365,2017-3-24,/cftz/20170324/7559.html,关于对深圳市足球俱乐部佳兆业足球队球员梁雨违规违纪的处罚决定
366,2017-3-24,/cftz/20170324/7560.html,关于对上海绿地申花足球俱乐部通报批评的决定
367,2017-3-24,/cftz/20170324/7561.html,关于对上海绿地申花俱乐部队球员孙世林违规违纪的处罚决定
368,2017-3-24,/cftz/20170324/7562.html,关于对上海绿地申花俱乐部队球员秦升违规违纪的处罚决定
369,2017-3-24,/cftz/20170324/7563.html,关于对广州恒大淘宝俱乐部队官员斯科拉里违规违纪的处罚决定
370,2017-3-17,/cftz/20170317/7564.html,关于对天津权健足球俱乐部球员基蓝马违规违纪的处罚决定
371,2017-3-17,/cftz/20170317/7565.html,关于对石家庄永昌足球俱乐部队球员冯绍顺违规违纪的处罚决定
372,2017-3-17,/cftz/20170317/7566.html,关于对新疆天山雪豹足球俱乐部球员阿卜杜力艾则孜违规违纪的处罚决定
373,2017-3-17,/cftz/20170317/7567.html,关于对新疆天山雪豹足球俱乐部球员穆斯塔帕违规违纪的处罚决定
374,2017-3-10,/cftz/20170310/7568.html,关于对江苏苏宁足球俱乐部球员特谢拉违规违纪的处罚决定
375,2017-3-10,/cftz/20170310/7570.html,关于对深圳市南岭铁狼足球俱乐部球员魏征违规违纪的处罚决定
376,2017-3-10,/cftz/20170310/7569.html,关于对天津权健足球俱乐部球员王晓龙违规违纪的处罚决定
377,2017-3-10,/cftz/20170310/7572.html,关于对江苏苏宁足球俱乐部球员滕帅违规违纪的处罚决定
378,2017-3-10,/cftz/20170310/7571.html,关于对江苏苏宁足球俱乐部教练员陆博飞违规违纪的处罚决定
379,2017-3-10,/cftz/20170310/7574.html,关于对广州恒大淘宝足球俱乐部球员郑智违规违纪的处罚决定
380,2017-3-10,/cftz/20170310/7573.html,关于对北京中赫国安足球俱乐部球员赵和靖违规违纪的处罚决定
381,2017-3-10,/cftz/20170310/7575.html,关于对广州赛区（广州恒大淘宝足球俱乐部队主场）违规违纪的处罚决定
382,2017-3-10,/cftz/20170310/7576.html,关于对广州恒大淘宝足球俱乐部官员王长润违规违纪的处罚决定
383,2017-3-6,/cftz/20170306/7577.html,关于对内蒙古包头南郊足球俱乐部违规违纪的处罚决定
384,2017-3-6,/cftz/20170306/7578.html,关于对长春大众卓越女足俱乐部球员杨凤嫱违规违纪的处罚决定
385,2017-3-6,/cftz/20170306/7579.html,关于对杭州启盟清河中学队官员田野违规违纪的处罚决定
386,2017-3-6,/cftz/20170306/7580.html,关于对杭州启盟清河中学队官员张永、颜振华违规违纪的处罚决定
387,2017-3-2,/cftz/20170302/7581.html,关于对延边富德足球俱乐部球员朱泉违规违纪的处罚决定
388,2017-1-20,/cftz/20170120/7582.html,关于对广州恒大淘宝足球俱乐部球员杨鑫违规违纪的处罚决定
389,2017-1-20,/cftz/20170120/7583.html,关于对大连一方足球俱乐部球员于振违规违纪的处罚决定
390,2017-1-20,/cftz/20170120/7584.html,关于对长春亚泰U18队违规违纪的处罚决定
391,2017-1-20,/cftz/20170120/7585.html,关于长春亚泰U18队球员刘津、艾孜买提·提力瓦力迪、麦麦提热伊木·麦麦提艾力违规违纪的处罚决定
392,2017-1-20,/cftz/20170120/7586.html,关于对天津权健U18队球员钟宇啸、李嘉伟、曹志、朱新元、崔佳琦违规违纪的处罚决定
393,2017-1-20,/cftz/20170120/7587.html,关于对天津权健U18队违规违纪的处罚决定
394,2017-1-20,/cftz/20170120/7588.html,关于天津权健U18队官员田旭违规违纪的处罚决定
395,2016-12-14,/cftz/20161214/7589.html,关于对中国足协业余联赛总决赛合肥桂冠队运动员梁浩违规违纪的处罚决定
396,2016-12-14,/cftz/20161214/7590.html,关于对中国足协业余联赛总决赛合肥桂冠队运动员刘博违规违纪的处罚决定
397,2016-12-14,/cftz/20161214/7592.html,关于对中国足协业余联赛总决赛合肥桂冠队运动员李洪哲违规违纪的处罚决定
398,2016-12-14,/cftz/20161214/7591.html,关于对中国足协业余联赛总决赛深圳屹盛队运动员张天晗违规违纪的处罚决定
399,2016-12-14,/cftz/20161214/7593.html,关于对中国足协业余联赛总决赛深圳屹盛队运动员韩伟辰违规违纪的处罚决定
400,2016-12-14,/cftz/20161214/7594.html,关于对中国足协业余联赛总决赛深圳屹盛队运动员陈浩源违规违纪的处罚决定
401,2016-12-14,/cftz/20161214/7595.html,关于对中国足协业余联赛总决赛深圳屹盛队运动员刘宇违规违纪的处罚决定
402,2016-12-14,/cftz/20161214/7596.html,关于对中国足协业余联赛总决赛深圳屹盛队运动员邢序飞违规违纪的处罚决定
403,2016-12-2,/cftz/20161202/7597.html,关于对云南鑫悦鑫足球队运动员张睿康违规违纪的处罚决定
404,2016-12-2,/cftz/20161202/7598.html,关于对北京控股足球俱乐部运动员靳辉违规违纪的处罚决定
405,2016-12-2,/cftz/20161202/7599.html,关于对云南鑫悦鑫足球队官员卢开智违规违纪的处罚决定
406,2016-12-2,/cftz/20161202/7600.html,关于对重庆晟新足球俱乐部队运动员王心淦违规违纪的处罚决定
407,2016-12-2,/cftz/20161202/7601.html,关于对重庆晟新足球俱乐部队运动员代焱森违规违纪的处罚决定
408,2016-12-2,/cftz/20161202/7602.html,关于对重庆晟新足球俱乐部队运动员罗文违规违纪的处罚决定
409,2016-12-2,/cftz/20161202/7603.html,关于对青岛市足球协会青岛队违规违纪的处罚决定
410,2016-12-2,/cftz/20161202/7604.html,关于对“我爱足球”中国足球民间争霸赛大区赛广东赛区（5人制）小组赛娃娃组青岛队官员牛嵩违规违纪的处罚决定
411,2016-11-7,/cftz/20161107/7605.html,关于对山东鲁能泰山俱乐部队运动员王炯违规违纪的处罚决定
412,2016-11-7,/cftz/20161107/7606.html,关于对上海国泰君安永柏女子足球队运动员李佳悦违规违纪的处罚决定
413,2016-11-7,/cftz/20161107/7607.html,关于对河北石家庄赛区(石家庄永昌俱乐部主场)违规违纪的处罚决定
414,2016-11-7,/cftz/20161107/7608.html,关于对延边富德俱乐部队运动员尹昌吉违规违纪的处罚决定
415,2016-11-7,/cftz/20161107/7609.html,关于对延边富德俱乐部队运动员朴世豪违规违纪的处罚决定
416,2016-11-7,/cftz/20161107/7610.html,关于对石家庄永昌俱乐部队运动员杨一鸣违规违纪的处罚决定
417,2016-11-7,/cftz/20161107/7611.html,关于对青岛中能U19队违规违纪的处罚决定
418,2016-11-7,/cftz/20161107/7612.html,关于对云南足协U19队违规违纪的处罚决定
419,2016-11-7,/cftz/20161107/7613.html,关于对青岛中能U19队马天翼等8名官员、运动员违规违纪的处罚决定
420,2016-11-7,/cftz/20161107/7614.html,关于对云南足协U19队金东海等15名官员、运动员违规违纪的处罚决定
421,2016-10-29,/cftz/20161029/7615.html,关于对贵阳赛区(贵州恒丰智诚俱乐部队主场)违规违纪的处罚决定
422,2016-10-29,/cftz/20161029/7616.html,关于对广州恒大淘宝俱乐部队运动员飞拉提违规违纪的处罚决定
423,2016-10-29,/cftz/20161029/7617.html,关于对大连一方俱乐部队运动员曲晓辉违规违纪的处罚决定
424,2016-10-21,/cftz/20161021/7619.html,关于对黑龙江田丰油化足球俱乐部队官员田宇浩违规违纪的处罚决定
425,2016-10-21,/cftz/20161021/7618.html,关于对贵州恒丰智诚足球俱乐部队运动员范云龙违规违纪的处罚决定
426,2016-10-21,/cftz/20161021/7621.html,关于对广州恒大淘宝足球俱乐部队运动员胡扬扬违规违纪的处罚决定
427,2016-10-21,/cftz/20161021/7620.html,关于对江苏苏宁足球俱乐部苏宁易购队运动员张善羽违规违纪的处罚决定
428,2016-10-21,/cftz/20161021/7622.html,关于对北京人和足球俱乐部运动员李晨违规违纪的处罚决定
429,2016-10-21,/cftz/20161021/7624.html,关于对北京人和俱乐部运动员刘天祺违规违纪的处罚决定
430,2016-10-21,/cftz/20161021/7623.html,关于对沈阳西成足球俱乐部队违规违纪的处罚决定
431,2016-10-21,/cftz/20161021/7626.html,关于对沈阳西成足球俱乐部队运动员戚航违规违纪的处罚决定
432,2016-10-21,/cftz/20161021/7625.html,关于对沈阳西成足球俱乐部队运动员段宪坤违规违纪的处罚决定
433,2016-10-21,/cftz/20161021/7627.html,关于对沈阳西成足球俱乐部队运动员赵寅生违规违纪的处罚决定
434,2016-10-21,/cftz/20161021/7628.html,关于对沈阳西成足球俱乐部队运动员穆阳违规违纪的处罚决定
435,2016-10-14,/cftz/20161014/7629.html,关于对保定容大队运动员邸佑违规违纪的处罚决定
436,2016-10-14,/cftz/20161014/7630.html,关于对江西赛区（江西联盛俱乐部队主场）违规违纪的处罚决定
437,2016-10-14,/cftz/20161014/7631.html,关于对天津汇森队运动员蒋琪违规违纪的处罚决定
438,2016-10-14,/cftz/20161014/7632.html,关于对上海国泰君安永柏队运动员邱芳芳违规违纪的处罚决定
439,2016-9-30,/cftz/20160930/7633.html,关于对上海国泰君安永柏队运动员刘俊违规违纪的处罚决定
440,2016-9-30,/cftz/20160930/7634.html,关于对新疆天山雪豹俱乐部体彩队运动员蔡曦违规违纪的处罚决定
441,2016-9-30,/cftz/20160930/7635.html,关于对浙江毅腾俱乐部队官员林涛违规违纪的处罚决定
442,2016-9-30,/cftz/20160930/7636.html,关于对天津权健俱乐部队运动员基蓝马违规违纪的处罚决定
443,2016-9-30,/cftz/20160930/7637.html,关于对江苏赛区(江苏苏宁俱乐部苏宁易购队主场)违规违纪的处罚决定
444,2016-9-30,/cftz/20160930/7638.html,关于对保定英利易通俱乐部运动员张健违规违纪的处罚决定
445,2016-9-23,/cftz/20160923/7639.html,关于对宁夏赛区违规违纪的处罚决定
446,2016-9-23,/cftz/20160923/7640.html,关于对北京人和足球俱乐部队运动员向汉天违规违纪的处罚决定
447,2016-9-23,/cftz/20160923/7641.html,关于对贵州恒丰智诚足球俱乐部队运动员刘滕违规违纪的处罚决定.
448,2016-9-23,/cftz/20160923/7642.html,关于对贵州恒丰智诚足球俱乐部队运动员刘浩违规违纪的处罚决定
449,2016-9-23,/cftz/20160923/7643.html,关于对武汉卓尔职业足球俱乐部队运动员罗毅违规违纪的处罚决定
450,2016-9-23,/cftz/20160923/7645.html,关于对梅州客家足球俱乐部队运动员唐德超违规违纪的处罚决定
451,2016-9-23,/cftz/20160923/7644.html,关于对新疆天山雪豹足球俱乐部体彩队运动员童晓星违规违纪的处罚决定
452,2016-9-23,/cftz/20160923/7646.html,关于对北京人和足球俱乐部队运动员米西莫维奇违规违纪的处罚决定
453,2016-9-23,/cftz/20160923/7647.html,关于对贵州赛区违规违纪的处罚决定
454,2016-9-23,/cftz/20160923/7648.html,关于对河北华夏幸福足球俱乐部队运动员居吕姆违规违纪的处罚决定
455,2016-9-23,/cftz/20160923/7649.html,关于对河北华夏幸福足球俱乐部队违规违纪的处罚决定
456,2016-9-23,/cftz/20160923/7650.html,关于对辽宁足球俱乐部沈阳宏运队官员袁哲违规违纪的处罚决定
457,2016-9-19,/cftz/20160919/7651.html,关于对辽宁足球俱乐部沈阳宏运队运动员孙世林违规违纪的处罚决定
458,2016-9-14,/cftz/20160914/7652.html,关于对江西赛区(江西联盛俱乐部队主场)违规违纪的处罚决定
459,2016-9-14,/cftz/20160914/7653.html,关于对武汉卓尔职业俱乐部队运动员姚翰林违规违纪的处罚决定
460,2016-9-14,/cftz/20160914/7654.html,关于对北京人和俱乐部队运动员韩鹏违规违纪的处罚决定
461,2016-9-14,/cftz/20160914/7655.html,关于对北京人和俱乐部队运动员刘天祺违规违纪的处罚决定
462,2016-9-14,/cftz/20160914/7656.html,关于对延边富德俱乐部队运动员尼古拉违规违纪的处罚决定
463,2016-9-14,/cftz/20160914/7657.html,关于对上海绿地申花俱乐部队违规违纪的处罚决定
464,2016-9-9,/cftz/20160909/7658.html,关于对青岛中能俱乐部队运动员王宗哲违规违纪的处罚决定
465,2016-9-9,/cftz/20160909/7659.html,关于对梅州客家俱乐部队运动员李博文违规违纪的处罚决定
466,2016-9-9,/cftz/20160909/7660.html,关于对包头市南郊俱乐部运动员热斯江·艾则孜违纪违规的处罚决定
467,2016-9-9,/cftz/20160909/7661.html,关于对天津权健俱乐部队运动员赵旭日违规违纪的处罚决定
468,2016-9-9,/cftz/20160909/7662.html,关于对青岛中能俱乐部队运动员乌多吉违规违纪的处罚决定
469,2016-9-9,/cftz/20160909/7663.html,关于对贵州恒丰智诚足球俱乐部队官员刘鹏违规违纪的处罚决定
470,2016-9-5,/cftz/20160905/7664.html,关于对武汉卓尔职业足球俱乐部队运动员奥特森违规违纪的处罚决定
471,2016-9-5,/cftz/20160905/7665.html,关于对大连一方足球俱乐部队运动员汪晋贤违规违纪的处罚决定
472,2016-8-29,/cftz/20160829/7666.html,关于对北京国安俱乐部国安乐视队运动员张辛昕违规违纪的处罚决定
473,2016-8-29,/cftz/20160829/7667.html,关于对河北华夏幸福足球俱乐部运动员热尔维尼奥违规违纪的处罚决定
474,2016-8-29,/cftz/20160829/7668.html,关于对武汉卓尔职业足球俱乐部队运动员周燎违规违纪的处罚决定
475,2016-8-29,/cftz/20160829/7669.html,关于对运动员毛昊禹违规违纪的处罚决定
476,2016-8-29,/cftz/20160829/7670.html,关于对运动员丁博威违规违纪的处罚决定
477,2016-8-29,/cftz/20160829/7671.html,关于对运动员郭振泉违规违纪的处罚决定
478,2016-8-19,/cftz/20160819/7672.html,关于对辽宁俱乐部沈阳宏运队运动员冯伯元违规违纪的处罚决定
479,2016-8-19,/cftz/20160819/7673.html,关于对河北华夏幸福俱乐部队运动员高云飞违规违纪的处罚决定
480,2016-8-19,/cftz/20160819/7674.html,关于对石家庄永昌俱乐部队运动员许博违规违纪的处罚决定
481,2016-8-12,/cftz/20160812/7675.html,关于对浙江毅腾俱乐部队运动员罗德瑞格违规违纪的处罚决定
482,2016-8-12,/cftz/20160812/7676.html,关于对长春农商银行队官员刘友违规违纪的处罚决定
483,2016-8-12,/cftz/20160812/7677.html,关于对长春农商银行队违规违纪的处罚决定
484,2016-8-8,/cftz/20160808/7678.html,关于对上海上港集团足球俱乐部运动员李圣龙违规违纪的处罚决定
485,2016-8-8,/cftz/20160808/7679.html,关于对天津泰达足球俱乐部运动员赵崇冉违规违纪的处罚决定
486,2016-8-8,/cftz/20160808/7680.html,关于对杭州绿城足球俱乐部队运动员葛振违规违纪的处罚决定
487,2016-8-8,/cftz/20160808/7681.html,关于对青岛队运动员尹德林违规违纪的处罚决定
488,2016-8-8,/cftz/20160808/7682.html,关于对青岛队运动员许修齐违规违纪的处罚决定
489,2016-8-8,/cftz/20160808/7683.html,关于对青岛队官员刘增敏违规违纪的处罚决定
490,2016-8-8,/cftz/20160808/7684.html,关于对青岛队官员徐群违规违纪的处罚决定
491,2016-8-8,/cftz/20160808/7685.html,关于对青岛队官员申涛违规违纪的处罚决定
492,2016-8-8,/cftz/20160808/7686.html,关于对青岛市足球协会官员金剑违规违纪的处罚决定
493,2016-8-8,/cftz/20160808/7687.html,关于对青岛市足球协会违规违纪的处罚决定
494,2016-8-5,/cftz/20160805/7688.html,关于对天津权健俱乐部队运动员夏宁宁违规违纪的处罚决定
495,2016-7-29,/cftz/20160729/7689.html,关于对浙江毅腾俱乐部队运动员李鑫违规违纪的处罚决定
496,2016-7-29,/cftz/20160729/7690.html,关于对新疆天山雪豹俱乐部体彩队运动员宋勰违规违纪的处罚决定
497,2016-7-29,/cftz/20160729/7691.html,关于对重庆赛区(重庆力帆俱乐部主场)违规违纪的处罚决定
498,2016-7-20,/cftz/20160720/7692.html,关于对湖南赛区（湖南湘涛俱乐部华莱队主场）违规违纪的处罚决定
499,2016-7-20,/cftz/20160720/7693.html,关于对辽宁足球俱乐部沈阳宏运队官员王亮违规违纪的处罚决定
500,2016-7-20,/cftz/20160720/7694.html,关于对重庆力帆足球俱乐部队官员卢卡斯违规违纪的处罚决定
501,2016-7-20,/cftz/20160720/7695.html,关于对上海上港集团足球俱乐部队运动员汪佳捷违规违纪的处罚决定
502,2016-7-20,/cftz/20160720/7696.html,关于对上海上港集团足球俱乐部队运动员蔡慧康违规违纪的处罚决定
503,2016-7-20,/cftz/20160720/7697.html,关于对江苏苏宁足球俱乐部苏宁易购队违规违纪的处罚决定
504,2016-7-15,/cftz/20160715/7698.html,关于对上海申鑫足球俱乐部队官员邹忠伟违规违纪的处罚决定
505,2016-7-15,/cftz/20160715/7699.html,关于对上海绿地申花足球俱乐部队官员庞斯违规违纪的处罚决定
506,2016-7-15,/cftz/20160715/7700.html,关于对江苏苏宁足球俱乐部苏宁易购队运动员拉米雷斯违规违纪的处罚决定
507,2016-7-15,/cftz/20160715/7701.html,关于对河南建业足球俱乐部队运动员张仔儒违规违纪的处罚决定
508,2016-7-8,/cftz/20160708/7702.html,关于对河南赛区（河南建业俱乐部队主场）违规违纪的处罚决定
509,2016-7-8,/cftz/20160708/7703.html,关于对上海上港集团足球俱乐部队官员科蒂违规违纪的处罚决定
510,2016-7-1,/cftz/20160701/7704.html,关于对武汉卓尔职业足球俱乐部队运动员周燎违规违纪的处罚决定
511,2016-7-1,/cftz/20160701/7705.html,关于对山东鲁能泰山俱乐部队运动员李微违规违纪的处罚决定
512,2016-7-1,/cftz/20160701/7706.html,关于对广州富力足球俱乐部队违规违纪的处罚决定
513,2016-7-1,/cftz/20160701/7707.html,关于对湖南赛区（湖南湘涛俱乐部华莱队主场）违规违纪的处罚决定
514,2016-7-1,/cftz/20160701/7708.html,关于对浙江毅腾俱乐部队官员林涛违规违纪的处罚决定
515,2016-7-1,/cftz/20160701/7709.html,关于对贵州赛区（贵州恒丰智诚足球俱乐部队主场）违规违纪的处罚决定
516,2016-6-24,/cftz/20160624/7710.html,关于对贵州恒丰智诚足球俱乐部队官员李胜违规违纪的处罚决定
517,2016-6-24,/cftz/20160624/7712.html,关于对大连超越足球俱乐部队运动员国威违规违纪的处罚决定
518,2016-6-24,/cftz/20160624/7711.html,关于对河南建业足球俱乐部队官员王首厅违规违纪的处罚决定
519,2016-6-24,/cftz/20160624/7713.html,关于对河南建业足球俱乐部队违规违纪的处罚决定
520,2016-6-24,/cftz/20160624/7715.html,关于对广州恒大淘宝足球俱乐部队官员常卫魏违规违纪的处罚决定
521,2016-6-24,/cftz/20160624/7714.html,关于对天津泰达足球俱乐部泰达亿利队运动员惠家康违规违纪的处罚决定
522,2016-6-24,/cftz/20160624/7716.html,关于对杭州绿城足球俱乐部队违规违纪的处罚决定
523,2016-6-24,/cftz/20160624/7717.html,关于对广州富力足球俱乐部队官员斯托伊科维奇违规违纪的处罚决定
524,2016-6-17,/cftz/20160617/7718.html,关于对浙江毅腾俱乐部队运动员里亚当休斯违规违纪的处罚决定
525,2016-6-17,/cftz/20160617/7719.html,关于对上海申鑫俱乐部队运动员姜嘉俊违规违纪的处罚决定
526,2016-6-17,/cftz/20160617/7720.html,关于对延边富德足球俱乐部队违规违纪的处罚决定
527,2016-6-17,/cftz/20160617/7721.html,关于对上海赛区（上海上港集团俱乐部队主场）违规违纪的处罚决定
528,2016-6-17,/cftz/20160617/7722.html,关于对河南赛区（河南建业足球俱乐部队主场）违规违纪的处罚决定
529,2016-6-17,/cftz/20160617/7723.html,关于对湖南湘涛俱乐部华莱队运动员孙国梁违规违纪的处罚决定
530,2016-6-17,/cftz/20160617/7724.html,关于对青岛黄海足球俱乐部队违规违纪的处罚决定
531,2016-6-17,/cftz/20160617/7725.html,关于对青岛中能俱乐部队官员斯坦季奇违规违纪的处罚决定
532,2016-6-8,/cftz/20160608/7726.html,关于对上海申鑫足球俱乐部队违规违纪的处罚决定
533,2016-6-8,/cftz/20160608/7728.html,关于对河南建业足球俱乐部队运动员牟善韬违规违纪的处罚决定
534,2016-6-8,/cftz/20160608/7727.html,关于对上海绿地申花足球俱乐部队运动员徐君违规违纪的处罚决定
535,2016-6-8,/cftz/20160608/7729.html,关于对青岛中能足球俱乐部队违规违纪的处罚决定
536,2016-6-8,/cftz/20160608/7730.html,关于对石家庄永昌足球俱乐部队违规违纪的处罚决定
537,2016-5-27,/cftz/20160527/7732.html,关于对武汉卓尔职业足球俱乐部队违规违纪的处罚决定
538,2016-5-27,/cftz/20160527/7731.html,关于对深圳市足球俱乐部佳兆业队违规违纪的处罚决定
539,2016-5-27,/cftz/20160527/7733.html,关于对北京控股足球俱乐部北控燕京队运动员尼古拉违规违纪的处罚决定
540,2016-5-27,/cftz/20160527/7734.html,关于对保定市英利易通足球俱乐部运动员刘晓东违规违纪的处罚决定
541,2016-5-27,/cftz/20160527/7735.html,关于对辽宁足球俱乐部运动员蒋英浩违规违纪的处罚决定
542,2016-5-27,/cftz/20160527/7736.html,关于对武汉赛区（足协杯武汉市宏兴柏润足球俱乐部队主场）违规违纪的处罚决定
543,2016-5-27,/cftz/20160527/7737.html,关于对足协杯武汉赛区通报批评的决定
544,2016-5-20,/cftz/20160520/7738.html,关于对武汉市宏兴柏润足球俱乐部张震等22名官员、运动员违规违纪的处罚决定
545,2016-5-20,/cftz/20160520/7739.html,关于对武汉市宏兴柏润足球俱乐部违规违纪的处罚决定
546,2016-5-20,/cftz/20160520/7740.html,关于对延边富德足球俱乐部队违规违纪的处罚决定
547,2016-5-20,/cftz/20160520/7741.html,关于对广州恒大淘宝俱乐部队违规违纪的处罚决定
548,2016-5-20,/cftz/20160520/7742.html,关于对河南建业足球俱乐部队违规违纪的处罚决定
549,2016-5-20,/cftz/20160520/7743.html,关于对北京赛区(北京国安俱乐部国安乐视队主场)违规违纪的处罚决定
550,2016-5-20,/cftz/20160520/7744.html,关于对重庆力帆俱乐部队运动员刘卫东违规违纪的处罚决定
551,2016-5-13,/cftz/20160513/7745.html,关于对浙江毅腾俱乐部队运动员里卡多违规违纪的处罚决定
552,2016-5-13,/cftz/20160513/7746.html,关于对江苏苏宁俱乐部苏宁易购队官员博尔代亚努违规违纪的处罚决定
553,2016-5-13,/cftz/20160513/7747.html,关于对石家庄永昌足球俱乐部队官员波什违规违纪的处罚决定
554,2016-5-6,/cftz/20160506/7748.html,关于对武汉卓尔职业俱乐部队运动员罗毅违规违纪的处罚决定
555,2016-5-6,/cftz/20160506/7749.html,关于对上海上港足球俱乐部队官员陈旭峰违规违纪的处罚决定
556,2016-5-6,/cftz/20160506/7750.html,关于对湖南湘涛俱乐部华莱队违规违纪的处罚决定
557,2016-5-6,/cftz/20160506/7751.html,关于对贵州恒丰智诚俱乐部队违规违纪的处罚决定
558,2016-5-6,/cftz/20160506/7752.html,关于对新疆天山雪豹俱乐部体彩队运动员南小亨违规违纪的处罚决定
559,2016-5-6,/cftz/20160506/7753.html,关于对青岛中能俱乐部队运动员郭亮违规违纪的处罚决定
560,2016-5-6,/cftz/20160506/7754.html,关于对青岛黄海俱乐部队运动员高梵违规违纪的处罚决定
561,2016-5-6,/cftz/20160506/7755.html,关于对新疆天山雪豹俱乐部体彩队运动员阿卜杜力艾则孜违规违纪的处罚决定
562,2016-5-6,/cftz/20160506/7756.html,关于对武汉卓尔职业俱乐部队运动员柯钊违规违纪的处罚决定
563,2016-5-6,/cftz/20160506/7757.html,关于对深圳市足球俱乐部佳兆业队官员李广涵违规违纪的处罚决定
564,2016-5-6,/cftz/20160506/7758.html,关于对深圳市足球俱乐部佳兆业队运动员费煜违规违纪的处罚决定
565,2016-5-6,/cftz/20160506/7759.html,关于对深圳市足球俱乐部佳兆业队违规违纪的处罚决定
566,2016-4-29,/cftz/20160429/7760.html,关于对北京国安足球俱乐部乐视队官员黄勇违规违纪的处罚决定
567,2016-4-29,/cftz/20160429/7761.html,关于对黑龙江火山鸣泉足球俱乐部运动员杨锋违规违纪的处罚决定
568,2016-4-29,/cftz/20160429/7762.html,关于对延边富德U17队运动员杨震违规违纪的处罚决定
569,2016-4-29,/cftz/20160429/7763.html,关于对青岛鲲鹏足球俱乐部队运动员马俊违规违纪的处罚决定
570,2016-4-29,/cftz/20160429/7764.html,关于对青岛鲲鹏足球俱乐部队运动员刘力男违规违纪的处罚决定
571,2016-4-29,/cftz/20160429/7765.html,关于对广州恒大淘宝足球俱乐部队违规违纪的处罚决定
572,2016-4-21,/cftz/20160421/7766.html,关于停止初晨2016年中国足协比赛监督资格的通知
573,2016-4-19,/cftz/20160419/7767.html,关于对足纪字[2016]021号处罚决定的更正说明
574,2016-4-15,/cftz/20160415/7769.html,关于对河北石家庄赛区(石家庄永昌足球俱乐部主场)违规违纪的处罚决定
575,2016-4-15,/cftz/20160415/7770.html,关于对张粤（大燕网记者）违规违纪的处罚决定
576,2016-4-15,/cftz/20160415/7771.html,关于对新疆天山雪豹足球俱乐部体彩队违规违纪的处罚决定
577,2016-4-14,/cftz/20160414/7772.html,关于对广州富力足球俱乐部队运动员雷纳迪尼奥违规违纪的处罚决定
578,2016-4-12,/cftz/20160412/7773.html,关于对深圳市足球俱乐部佳兆业队运动员赖劲违规违纪的处罚决定
579,2016-4-12,/cftz/20160412/7774.html,关于对上海申鑫俱乐部队运动员段杰毅违规违纪的处罚决定
580,2016-4-12,/cftz/20160412/7775.html,关于对浙江毅腾俱乐部队官员张旭峰违规违纪的处罚决定
581,2016-4-12,/cftz/20160412/7776.html,关于对新疆天山雪豹俱乐部体彩队运动员法季奇违规违纪的处罚决定
582,2016-4-12,/cftz/20160412/7777.html,关于对海南博盈海汉俱乐部队运动员成泽成违规违纪的处罚决定
583,2016-4-12,/cftz/20160412/7778.html,关于对海南博盈海汉俱乐部队运动员樊群霄违规违纪的处罚决定
584,2016-4-7,/cftz/20160407/7779.html,关于对四川省足球协会注册运动员阮君违规违纪的处罚决定
585,2016-3-31,/cftz/20160331/7780.html,关于对河北精英俱乐部运动员朱子森违规违纪的处罚决定
586,2016-3-31,/cftz/20160331/7781.html,关于对内蒙古中优俱乐部运动员朱子林违规违纪的处罚决定
587,2016-3-31,/cftz/20160331/7782.html,关于对上海聚运动俱乐部运动员杜冠阳违规违纪的处罚决定
588,2016-3-31,/cftz/20160331/7783.html,关于对上海聚运动俱乐部运动员张竣峰违规违纪的处罚决定
589,2016-3-31,/cftz/20160331/7784.html,关于对吴川市体育中心运动员钟品健违规违纪的处罚决定
590,2016-3-11,/cftz/20160311/7785.html,关于对辽宁沈阳宏运队违规违纪的处罚决定
591,2016-3-11,/cftz/20160311/7786.html,关于对青岛黄海俱乐部运动员韩青松违规违纪的处罚决定
592,2016-3-1,/cftz/20160301/7787.html,关于中国足协纪律委员会2015年对个人做出的有关纪律处罚需在2016年比赛中继续执行的通知
593,2016-2-23,/cftz/20160223/7788.html,关于对北京控股俱乐部教练员董阳违规违纪的处罚决定
594,2015-11-12,/cftz/20151112/7789.html,关于对武汉赛区(武汉卓尔主场)违规违纪的处罚决定
595,2015-11-12,/cftz/20151112/7790.html,关于对湖南赛区(湖南湘涛主场)违规违纪的处罚决定
596,2015-11-12,/cftz/20151112/7791.html,关于对呼和浩特中优队运动员尹路违规违纪的处罚决定
597,2015-11-12,/cftz/20151112/7792.html,关于对天津泰达俱乐部泰达权健队违规违纪的处罚通知
598,2015-11-12,/cftz/20151112/7793.html,关于对哈尔滨毅腾足球俱乐部违规违纪的处罚决定
599,2015-10-30,/cftz/20151030/7794.html,关于对上海绿地申花运动员杨晨违规违纪的处罚决定
600,2015-10-30,/cftz/20151030/7795.html,关于对上海申鑫运动员张文涛违规违纪的处罚决定
601,2015-10-30,/cftz/20151030/7796.html,关于对运动员曹震界违规违纪的处罚决定
602,2015-10-30,/cftz/20151030/7797.html,关于对丽江嘉云昊运动员高福荣违规违纪的处罚决定
603,2015-10-30,/cftz/20151030/7798.html,关于对武汉卓尔职业俱乐部队违规违纪的处罚决定
604,2015-10-30,/cftz/20151030/7799.html,关于对江苏国信舜天俱乐部队违规违纪的处罚决定
605,2015-10-30,/cftz/20151030/7800.html,关于对延边赛区(延边长白山主场)违规违纪的处罚决定
606,2015-10-20,/cftz/20151020/7801.html,关于对上海上港集团运动员杨博宇违规违纪的处罚决定
607,2015-10-16,/cftz/20151016/7802.html,关于对大连赛区(大连超越主场)违规违纪的处罚决定
608,2015-10-16,/cftz/20151016/7803.html,关于对贵州人和官员周纯违规违纪的处罚决定
609,2015-10-16,/cftz/20151016/7804.html,关于对贵州人和官员郝海涛违规违纪的处罚决定
610,2015-10-16,/cftz/20151016/7805.html,关于对广州恒大淘宝俱乐部队违规违纪的处罚决定
611,2015-10-16,/cftz/20151016/7806.html,关于对贵州赛区(贵州人和主场)违规违纪的处罚决定
612,2015-10-16,/cftz/20151016/7807.html,关于对天津泰达官员王霄违规违纪的处罚决定
613,2015-10-16,/cftz/20151016/7808.html,关于对内蒙古中优运动员李帅违规违纪的处罚决定
614,2015-10-16,/cftz/20151016/7809.html,关于对呼和浩特赛区(内蒙古中优主场)违规违纪的处罚决定
615,2015-10-16,/cftz/20151016/7810.html,关于对丽江赛区(丽江嘉云昊主场)违规违纪的处罚通知
616,2015-9-14,/cftz/20150914/7811.html,关于对南京钱宝官员杨杰违规违纪的处罚决定
617,2015-9-11,/cftz/20150911/7812.html,关于对北京控股女子足球队运动员王晨违规违纪的处罚决定
618,2015-9-11,/cftz/20150911/7813.html,关于对北京控股女子足球队主教练刘英违规违纪的处罚决定
619,2015-9-11,/cftz/20150911/7814.html,关于对天津汇森女子足球队运动员邓斯违规违纪的处罚决定
620,2015-9-11,/cftz/20150911/7815.html,关于对天津汇森女子足球队运动员陈苗苗违规违纪的处罚决定
621,2015-9-11,/cftz/20150911/7816.html,关于对天津汇森女子足球队运动员李香林违规违纪的处罚决定
622,2015-8-28,/cftz/20150828/7817.html,关于对辽宁盘锦宏运官员胡宇违规违纪的处罚决定
623,2015-8-28,/cftz/20150828/7818.html,关于对重庆赛区(重庆力帆主场)违规违纪的处罚决定
624,2015-8-28,/cftz/20150828/7819.html,关于对石家庄永昌运动员关震违规违纪的处罚决定
625,2015-8-28,/cftz/20150828/7820.html,关于对河南建业官员王相全违规违纪的处罚决定
626,2015-8-28,/cftz/20150828/7821.html,关于对青岛海牛官员孙新波违规违纪的处罚决定
627,2015-8-21,/cftz/20150821/7822.html,关于对广州赛区(广州恒大淘宝主场)违规违纪的处罚决定
628,2015-8-21,/cftz/20150821/7823.html,关于对上海绿地申花运动员登巴巴违规违纪的处罚决定
629,2015-8-21,/cftz/20150821/7824.html,关于对石家庄赛区(石家庄永昌主场)违规违纪的处罚决定
630,2015-8-21,/cftz/20150821/7825.html,关于对河南建业官员陈文杰违规违纪的处罚决定
631,2015-8-21,/cftz/20150821/7826.html,关于对上海申鑫官员黄翌违规违纪的处罚决定
632,2015-8-21,/cftz/20150821/7827.html,关于对石家庄永昌运动员郝明违规违纪的处罚决定
633,2015-8-21,/cftz/20150821/7828.html,关于对北京国安运动员李提香违规违纪的处罚决定
634,2015-8-21,/cftz/20150821/7829.html,关于对广州恒大淘宝运动员梁学铭违规违纪的处罚决定
635,2015-8-21,/cftz/20150821/7830.html,关于对江苏国信舜天运动员于腾腾违规违纪的处罚决定
636,2015-8-21,/cftz/20150821/7831.html,关于对天津赛区(天津松江主场)违规违纪的处罚决定
637,2015-8-21,/cftz/20150821/7832.html,关于对哈尔滨毅腾官员林涛违规违纪的处罚决定
638,2015-8-21,/cftz/20150821/7833.html,关于对湖南赛区(湖南湘涛主场)违规违纪的处罚决定
639,2015-8-10,/cftz/20150810/7834.html,关于对大连赛区(大连阿尔滨主场)违规违纪的处罚决定
640,2015-8-7,/cftz/20150807/7835.html,关于对辽宁盘锦宏运运动员孙世林违规违纪的处罚决定
641,2015-8-5,/cftz/20150805/7836.html,关于对贵州赛区(贵州人和主场违规违纪的处罚决定)
642,2015-7-24,/cftz/20150724/7837.html,关于对中超辽宁盘锦赛区通报批评的决定
643,2015-7-24,/cftz/20150724/7838.html,关于对广州恒大淘宝运动员郜林违规违纪的处罚决定
644,2015-7-24,/cftz/20150724/7839.html,关于对上海赛区(上海绿地申花主场)违规违纪的处罚决定
645,2015-7-24,/cftz/20150724/7840.html,关于对贵州智诚官员刘木成违规违纪的处罚决定
646,2015-7-24,/cftz/20150724/7841.html,关于对武汉卓尔运动员柯钊违规违纪的处罚决定
647,2015-7-24,/cftz/20150724/7842.html,关于对呼和浩特赛区(呼和浩特中优主场)违规违纪的处罚通知
648,2015-7-24,/cftz/20150724/7843.html,关于对青岛赛区(青岛中能主场)违规违纪的处罚决定
649,2015-7-15,/cftz/20150715/7844.html,关于对长春亚泰运动员祝一帆违规违纪的处罚通知
650,2015-7-3,/cftz/20150703/7845.html,关于对河南建业运动员阿布都外力&#8226;阿布来提违规违纪的处罚决定
651,2015-7-3,/cftz/20150703/7846.html,关于对上海绿地申花运动员龚金帅违规违纪的处罚决定
652,2015-6-19,/cftz/20150619/7847.html,关于对福建超越运动员王棒违规违纪的处罚决定
653,2015-6-19,/cftz/20150619/7848.html,关于对湖南湘涛官员张旭违规违纪的处罚决定
654,2015-6-19,/cftz/20150619/7849.html,关于对贵州赛区（贵州人和主场）违规违纪的处罚决定
655,2015-6-19,/cftz/20150619/7850.html,关于对山东鲁能泰山官员王连成违规违纪的处罚决定
656,2015-6-19,/cftz/20150619/7851.html,关于对山东鲁能泰山运动员李松益违规违纪的处罚决定
657,2015-6-19,/cftz/20150619/7852.html,关于对山东鲁能泰山运动员邵璞亮违规违纪的处罚决定
658,2015-6-19,/cftz/20150619/7853.html,关于对山东鲁能泰山官员库卡违规违纪的处罚决定
659,2015-6-19,/cftz/20150619/7854.html,关于对山东鲁能泰山官员斯蒂瓦违规违纪的处罚决定
660,2015-6-19,/cftz/20150619/7855.html,关于对比赛官员詹炜违规违纪的处罚决定
661,2015-6-12,/cftz/20150612/7856.html,关于对内蒙古中优运动员矫喆违规违纪的处罚决定
662,2015-6-12,/cftz/20150612/7857.html,关于对北京理工运动员马尔奎斯违规违纪的处罚决定
663,2015-6-4,/cftz/20150604/7858.html,关于对天津京铁火车头运动员陈汇丰违规违纪的处罚决定
664,2015-6-3,/cftz/20150603/7859.html,关于对贵州人和运动员杨一虎违规违纪的处罚决定
665,2015-6-3,/cftz/20150603/7860.html,关于对山东鲁能泰山运动员汪强违规违纪的处罚决定
666,2015-6-3,/cftz/20150603/7861.html,关于对广州恒大淘宝运动员郑智违规违纪的处罚决定
667,2015-6-3,/cftz/20150603/7862.html,关于对江西联盛运动员敖飞帆违规违纪的处罚决定
668,2015-5-29,/cftz/20150529/7863.html,关于对延边长白山运动员斯蒂夫违规违纪的处罚决定
669,2015-5-22,/cftz/20150522/7864.html,关于对湖南湘涛运动员陈真违规违纪的处罚决定
670,2015-5-22,/cftz/20150522/7865.html,关于对上海绿地申花运动员杨昊峰违规违纪的处罚决定
671,2015-5-22,/cftz/20150522/7866.html,关于对长春亚泰运动员马祖违规违纪的处罚决定
672,2015-5-22,/cftz/20150522/7867.html,关于对武汉卓尔队医饶安新违规违纪的处罚决定
673,2015-5-22,/cftz/20150522/7868.html,关于对贵州人和运动员曹永竞违规违纪的处罚决定
674,2015-5-22,/cftz/20150522/7869.html,2015053号关于对2015049号纪律处罚决定的更正说明
675,2015-5-15,/cftz/20150515/7870.html,关于对广州恒大淘宝运动员李帅违规违纪的处罚决定
676,2015-5-15,/cftz/20150515/7871.html,关于对广州恒大淘宝运动员董学升违规违纪的处罚决定
677,2015-5-14,/cftz/20150514/7872.html,关于对新疆天山雪豹运动员蔡曦违规违纪的处罚决定
678,2015-5-14,/cftz/20150514/7873.html,关于对青岛中能运动员刘震理违规违纪的处罚决定
679,2015-5-14,/cftz/20150514/7874.html,关于对内蒙古中优官员蔡普旺违规违纪的处罚决定
680,2015-5-14,/cftz/20150514/7875.html,关于对上海绿地申花官员周欣违规违纪的处罚决定
681,2015-5-14,/cftz/20150514/7876.html,关于对上海绿地申花运动员柏佳骏违规违纪的处罚决定
682,2015-5-14,/cftz/20150514/7877.html,关于对河北中基官员郑伟违规违纪的处罚决定
683,2015-4-30,/cftz/20150430/7878.html,关于对湖南湘涛运动员董建宏违规违纪的处罚决定
684,2015-4-30,/cftz/20150430/7879.html,关于对北京控股女足官员刘英等二人违规违纪的处罚决定
685,2015-4-30,/cftz/20150430/7880.html,关于对大连阿尔滨运动员孙铂违规违纪的处罚决定
686,2015-4-30,/cftz/20150430/7881.html,关于对广州恒大淘宝俱乐部队违规违纪的处罚决定
687,2015-4-23,/cftz/20150423/7882.html,关于对运动员李野违规违纪的处罚决定
688,2015-4-23,/cftz/20150423/7883.html,关于对运动员蔡文倩违规违纪的处罚决定
689,2015-4-23,/cftz/20150423/7884.html,关于对安徽力天运动员宋超违规违纪的处罚决定
690,2015-4-23,/cftz/20150423/7885.html,关于对哈尔滨毅腾运动员刘小龙违规违纪的处罚决定
691,2015-4-23,/cftz/20150423/7886.html,关于对达坂城纳欢队官员徐建违规违纪的处罚决定
692,2015-4-23,/cftz/20150423/7887.html,关于对河北精英官员王宇违规违纪的处罚决定
693,2015-4-23,/cftz/20150423/7888.html,关于对北京赛区(国安俱乐部主场)违规违纪的处罚决定
694,2015-4-16,/cftz/20150416/7889.html,关于对重庆赛区(重庆力帆主场)违规违纪的处罚决定
695,2015-4-16,/cftz/20150416/7890.html,关于对北京国安运动员陈志钊违规违纪的处罚决定
696,2015-4-16,/cftz/20150416/7891.html,关于对上海上港集团运动员贺惯违规违纪的处罚决定
697,2015-4-16,/cftz/20150416/7892.html,关于对云南普洱万豪运动员高一杰违规违纪的处罚决定
698,2015-4-16,/cftz/20150416/7893.html,关于对北京国安运动员德扬违规违纪的处罚决定
699,2015-4-16,/cftz/20150416/7894.html,关于对北京国安运动员郎征违规违纪的处罚决定
700,2015-4-10,/cftz/20150410/7895.html,关于对天津泰达运动员郭皓违规违纪的处罚决定
701,2015-4-10,/cftz/20150410/7896.html,关于对广州富力运动员金洋洋违规违纪的处罚决定
702,2015-4-10,/cftz/20150410/7897.html,关于对长春亚泰运动员何超违规违纪的处罚决定
703,2015-4-10,/cftz/20150410/7898.html,关于对西安高新热力运动员王柯违规违纪的处罚决定
704,2015-4-10,/cftz/20150410/7899.html,关于对银川贺兰山运动员牟永杰违规违纪的处罚决定
705,2015-4-10,/cftz/20150410/7901.html,关于对保定英利易通运动员唐宇航违规违纪的处罚决定
706,2015-4-10,/cftz/20150410/7900.html,关于对保定英利易通运动员张正淳违规违纪的处罚决定
707,2015-4-10,/cftz/20150410/7902.html,关于对保定英利易通运动员孟凡敏违规违纪的处罚决定
708,2015-4-10,/cftz/20150410/7903.html,关于对保定英利易通运动员赵斌违规违纪的处罚决定
709,2015-4-2,/cftz/20150402/7904.html,关于对山东鲁能运动员戴琳违规违纪的处罚决定
710,2015-4-2,/cftz/20150402/7905.html,关于对广州恒大运动员温浩军违规违纪的处罚决定
711,2015-4-2,/cftz/20150402/7906.html,关于对长春亚泰运动员周大地违规违纪的处罚决定
712,2015-4-2,/cftz/20150402/7907.html,关于对广州恒大运动员胡睿宝违规违纪的处罚决定
713,2015-3-20,/cftz/20150320/7908.html,关于对南京钱宝运动员班勇违规违纪的处罚决定
714,2015-3-20,/cftz/20150320/7909.html,关于对长春亚泰运动员刘骐鸣违规违纪的处罚通知
715,2015-3-20,/cftz/20150320/7910.html,关于对青岛中能教练李双林违规违纪的处罚决定
716,2015-3-20,/cftz/20150320/7911.html,关于对辽宁俱乐部运动员孙世林违规违纪的处罚决定
717,2015-3-20,/cftz/20150320/7912.html,关于对重庆力帆运动员吴鹏违规违纪的处罚决定
718,2015-3-20,/cftz/20150320/7913.html,关于对运动员黄洁违规违纪的处罚决定
719,2015-3-20,/cftz/20150320/7914.html,关于对上海申鑫运动员李新宇违规违纪的处罚决定
720,2015-3-20,/cftz/20150320/7915.html,关于对运动员陈曾太郎违规违纪的处罚决定
721,2014-10-26,/cftz/20141026/7916.html,关于对上海绿地刘佳燊违规违纪的处罚决定
722,2014-10-26,/cftz/20141026/7917.html,关于对长春女足官员刘友违规违纪的处罚决定
723,2014-10-16,/cftz/20141016/7918.html,关于对上海申鑫俱乐部唐佳庶违规违纪的处罚决定
724,2014-9-24,/cftz/20140924/7919.html,关于对贵州人和足球俱乐部违规违纪的处罚决定
725,2014-9-24,/cftz/20140924/7920.html,关于对深圳红钻俱乐部李毅违规违纪的处罚决定
726,2014-9-24,/cftz/20140924/7921.html,关于对上海申鑫俱乐部成耀东违规违纪的处罚决定
727,2014-9-19,/cftz/20140919/7922.html,关于对广东日之泉队涂东旭违规违纪的处罚决定
728,2014-9-13,/cftz/20140913/7923.html,关于对山东鲁能泰山俱乐部违规违纪的处罚决定
729,2014-9-10,/cftz/20140910/7924.html,关于对北京国安队运动员张晓彬违规违纪的处罚决定
730,2014-9-10,/cftz/20140910/7925.html,关于对北京国安队张晓彬违规违纪的处罚决定
731,2014-9-6,/cftz/20140906/7926.html,关于对长春亚泰足球俱乐部队官员刘建勋违规违纪的处罚决定
732,2014-8-28,/cftz/20140828/7927.html,关于对长白山泉阳泉队刘永杰违规违纪的处罚决定
733,2014-8-28,/cftz/20140828/7928.html,关于对深圳红钻队运动员吕政违规违纪的处罚决定
734,2014-8-28,/cftz/20140828/7929.html,关于对深圳红钻队运动员张迅伟违规违纪的处罚决定
735,2014-8-28,/cftz/20140828/7930.html,对长白山泉阳泉队运动员池哲男违规违纪的处罚决定
736,2014-8-22,/cftz/20140822/7931.html,关于对哈尔滨赛区违规违纪的处罚决定
737,2014-8-22,/cftz/20140822/7932.html,关于对青岛中能俱乐部队运动员李壮飞的处罚决定
738,2014-8-22,/cftz/20140822/7933.html,关于对北京理工俱乐部队官员于飞的处罚决定
739,2014-8-22,/cftz/20140822/7934.html,关于对人和茅台队官员朱炯违规违纪的处罚决定
740,2014-8-22,/cftz/20140822/7935.html,关于对山东鲁能队官员曹峥违规违纪的处罚决定
741,2014-8-14,/cftz/20140814/7936.html,关于对青岛中能足球俱乐部违规违纪的处罚决定
742,2014-8-13,/cftz/20140813/7937.html,关于对山东鲁能队员戴琳违规违纪的处罚决定
743,2014-8-13,/cftz/20140813/7938.html,关于对山东鲁能队员韩鹏违规违纪的处罚决定
744,2014-8-6,/cftz/20140806/7939.html,关于对北京国安运动员李提香违规违纪的处罚决定
745,2014-8-6,/cftz/20140806/7940.html,关于对深圳红钻运动员违规违纪的处罚决定
746,2014-8-6,/cftz/20140806/7941.html,关于对北京理工运动员王超违规违纪的处罚决定
747,2014-8-6,/cftz/20140806/7942.html,关于对武汉卓尔运动员朱挺违规违纪的处罚决定
748,2014-8-6,/cftz/20140806/7943.html,对青岛海牛运动员肖开提亚力昆违规违纪的处罚决定
749,2014-8-6,/cftz/20140806/7944.html,关于对青岛赛区违规违纪的处罚决定
750,2014-4-30,/cftz/20140430/7972.html,关于对大连阿尔滨运动员陈涛违规违纪的处罚决定
751,2014-4-30,/cftz/20140430/7973.html,关于对上海上港运动员杨世元违规违纪的处罚决定
752,2014-4-25,/cftz/20140425/7974.html,关于对北京国安运动员格隆违规违纪的处罚决定
753,2014-4-25,/cftz/20140425/7975.html,关于对北京国安足球俱乐部主场违规违纪的处罚决定
754,2014-4-25,/cftz/20140425/7976.html,关于对北京国安官员曼萨诺违规违纪的处罚决定
755,2014-4-25,/cftz/20140425/7977.html,关于对北京国安运动员马季奇违规违纪的处罚决定
756,2014-4-25,/cftz/20140425/7978.html,关于对青岛中能足球俱乐部主场违规违纪的处罚决定
757,2014-4-25,/cftz/20140425/7979.html,关于对哈尔滨毅腾官员王贺龙违规违纪的处罚决定
758,2014-4-25,/cftz/20140425/7980.html,关于对深圳红钻官员李毅违规违纪的处罚决定
759,2014-4-25,/cftz/20140425/7981.html,关于对河南建业官员李广涵违规违纪的处罚决定
760,2014-4-25,/cftz/20140425/7982.html,关于对深圳红钻官员向君违规违纪的处罚决定
761,2014-4-25,/cftz/20140425/7983.html,关于对江苏舜天运动员德杨违规违纪的处罚决定
762,2014-4-18,/cftz/20140418/7985.html,关于对贵州人和茅台队官员托米奇违规违纪的处罚决定
763,2014-4-18,/cftz/20140418/7984.html,关于对北京国安官员萨尔维拉违规违纪的处罚决定
764,2014-4-18,/cftz/20140418/7986.html,关于对贵州人和茅台队官员张悦违规违纪的处罚决定
765,2014-4-11,/cftz/20140411/7987.html,关于刘健与青岛中能俱乐部工作合同仲裁案的情况通报
766,2014-4-11,/cftz/20140411/7988.html,关于对河南赛区违规违纪的处罚决定
767,2014-4-4,/cftz/20140404/7989.html,关于对广州恒大运动员雷内违规违纪的处罚决定
768,2014-3-28,/cftz/20140328/7990.html,关于对新疆达坂城纳欢队官员刘俊峰违规违纪的处罚决定
769,2014-3-28,/cftz/20140328/7991.html,关于对青岛中能运动员李壮飞违规违纪的处罚决定
770,2014-3-28,/cftz/20140328/7992.html,关于对天津赛区（天津泰达主场）违规违纪的处罚决定
771,2014-3-28,/cftz/20140328/7993.html,关于对山东鲁能泰山足球俱乐部违规违纪的处罚决定
772,2014-3-21,/cftz/20140321/7994.html,关于对上海东亚俱乐部上港队吕文君违规违纪的处罚决定
773,2014-2-8,/cftz/20140208/7997.html,关于对鲁能泰山足校张某某兴奋剂检查A瓶阳性处罚的通知
774,2013-12-4,/cftz/20131204/7998.html,关于对广州恒大运动员埃尔克森违规违纪的处罚决定
775,2013-10-31,/cftz/20131031/7999.html,关于对滕鼎赛区（山东滕鼎主场）违规违纪处罚决定
776,2013-10-22,/cftz/20131022/8000.html,关于对上海申鑫足球俱乐部违规违纪的处罚决定
777,2013-10-22,/cftz/20131022/8001.html,对青海森科俱乐部官员、运动员违规违纪的处罚决定
778,2013-9-27,/cftz/20130927/8002.html,关于对重庆力帆队运动员违规违纪的处罚决定
779,2013-9-27,/cftz/20130927/8009.html,关于对上海申花队运动员违规违纪的处罚决定
780,2013-9-27,/cftz/20130927/8008.html,关于对广州赛区广州恒大队主场违规违纪的处罚决定
781,2013-9-27,/cftz/20130927/8007.html,关于对哈尔滨赛区哈尔滨毅腾队主场违规违纪的处罚决定
782,2013-9-27,/cftz/20130927/8006.html,关于对贵州智诚队官员违规违纪的处罚决定
783,2013-9-27,/cftz/20130927/8005.html,关于对武汉卓尔队运动员朱挺违规违纪的处罚决定
784,2013-9-27,/cftz/20130927/8004.html,关于对沈阳沈北队运动员赵一博违规违纪的处罚决定
785,2013-9-27,/cftz/20130927/8003.html,关于对辽宁赛区宏运队主场违规违纪的处罚决定
786,2013-8-16,/cftz/20130816/8010.html,关于对重庆力帆足球队运动员吴庆违规违纪的处罚决定
787,2013-8-16,/cftz/20130816/8011.html,关于对辽宁足球俱乐部宏运队违规违纪的处罚决定
788,2013-8-9,/cftz/20130809/8015.html,关于对武汉卓尔职业足球俱乐部队的处罚决定
789,2013-8-9,/cftz/20130809/8014.html,关于对松江足球俱乐部范柏群违规违纪的处罚决定
790,2013-8-9,/cftz/20130809/8013.html,关于对谢菲联足球俱乐部队官员违规违纪的处罚决定
791,2013-8-9,/cftz/20130809/8012.html,关于对广州恒大足球俱乐部队违规违纪的处罚决定
792,2013-8-2,/cftz/20130802/8016.html,关于对辽宁宏运队运动员张靖洋违规违纪的处罚决定
793,2013-8-2,/cftz/20130802/8017.html,对浙江赛区(杭州大金绿城主场)违规违纪的处罚决定
794,2013-8-2,/cftz/20130802/8018.html,关于对上海申花联盛教练员沈祥福违规违纪的处罚决定
795,2013-7-26,/cftz/20130726/8019.html,关于对湖北华凯尔队官员徐健违规违纪的处罚决定
796,2013-7-26,/cftz/20130726/8020.html,关于成都谢菲联运动员杨泽志违规违纪的处罚决定
797,2013-7-26,/cftz/20130726/8021.html,关于对青岛中能足球俱乐部队违规违纪的处罚决定
798,2013-7-26,/cftz/20130726/8022.html,关于对上海上港卡贝萨斯暴力行为违规违纪的处罚决定
799,2013-7-26,/cftz/20130726/8023.html,关于对贵州人和饶伟辉暴力行为违规违纪的处罚决定
800,2013-7-26,/cftz/20130726/8024.html,关于杭州绿城大金绿城队官员池田诚刚的处罚决定
801,2013-7-8,/cftz/20130708/8025.html,关于对上海申花队运动员王寿挺违规违纪的处罚决定
802,2013-6-26,/cftz/20130626/8026.html,关于对江苏舜天巴力&#8226;买买提伊力违规违纪的处罚决定
803,2013-6-26,/cftz/20130626/8027.html,关于对哈尔滨毅腾足球俱乐部队违规违纪的处罚决定
804,2013-6-26,/cftz/20130626/8028.html,关于对石家庄赛区（永昌骏豪主场）违规违纪的处罚决定
805,2013-6-18,/cftz/20130618/8029.html,关于对呼和浩特东进教练员赵发庆违规违纪的处罚决定
806,2013-6-17,/cftz/20130617/8030.html,关于对成都谢菲联队员罗迪克违规违纪的处罚决定
807,2013-6-17,/cftz/20130617/8031.html,关于对广州恒大队员黄佳强违规违纪的处罚决定
808,2013-6-17,/cftz/20130617/8032.html,关于对上海申花联盛队员袁少华违规违纪的处罚决定
809,2013-5-17,/cftz/20130517/8033.html,关于对江西联盛足球俱乐部队教练员李晓违规违纪的处罚决定
810,2013-5-3,/cftz/20130503/8034.html,关于对哈尔滨毅腾俱乐部队官员朱山违规违纪的处罚决定
811,2013-4-19,/cftz/20130419/8035.html,关于对北京国安足球俱乐部队运动员周挺违规违纪的处罚决定
812,2013-4-3,/cftz/20130403/8036.html,关于对广州恒大足球俱乐部队运动员赵旭日违规违纪的处罚决定
813,2013-4-3,/cftz/20130403/8037.html,关于对广州富力足球俱乐部队运动员达维违规违纪的处罚决定
814,2013-4-3,/cftz/20130403/8038.html,关于对上海申鑫足球俱乐部队官员蔡建林违规违纪的处罚决定
815,2013-3-27,/cftz/20130327/8039.html,中国足协关于对江苏籍运动员马君处罚的决定
816,2013-3-22,/cftz/20130322/8040.html,关于对成都谢菲联足球俱乐部队官员违规违纪的处罚决定
817,2013-3-22,/cftz/20130322/8041.html,关于对武汉卓尔俱乐部运动员柯钊违规违纪的处罚决定
818,2013-3-22,/cftz/20130322/8042.html,关于对上海申鑫足球俱乐部队违规违纪的处罚决定
819,2013-2-18,/cftz/20130218/8043.html,中国足协纪律委员会处罚决定（001-038号）
820,2012-11-2,/cftz/20121102/8044.html,关于对天津泰达康师傅队运动员违规违纪的处罚决定
821,2012-10-16,/cftz/20121016/8045.html,关于对北京国安队官员张阳违规违纪的处罚决定
822,2012-10-4,/cftz/20121004/8046.html,关于对广州恒大队教练员里皮违规违纪的处罚决定
823,2012-10-4,/cftz/20121004/8047.html,关于对广州恒大队运动员张琳芃违规违纪的处罚决定
824,2012-10-4,/cftz/20121004/8048.html,关于对广州恒大队运动员唐德超违规违纪的处罚决定
825,2012-10-4,/cftz/20121004/8049.html,关于广州恒大队运动员唐德超纪律处罚的执行通知
826,2012-10-3,/cftz/20121003/8050.html,关于对哈尔滨毅腾足球俱乐部队运动员违规违纪的处罚决定
827,2012-10-3,/cftz/20121003/8051.html,关于对延边长白虎足球俱乐部队运动员违规违纪的处罚决定
828,2012-8-30,/cftz/20120830/8052.html,关于对青岛中能足球俱乐部队违规违纪的处罚决定
829,2012-8-30,/cftz/20120830/8053.html,关于对南昌衡源足球俱乐部上海申鑫队违规违纪的处罚决定
830,2012-8-30,/cftz/20120830/8054.html,关于对广州恒大足球俱乐部队违规违纪的处罚决定
831,2012-8-27,/cftz/20120827/8055.html,关于对湖南浏阳河队运动员违规违纪的处罚决定
832,2012-8-17,/cftz/20120817/8056.html,关于对山东鲁能泰山俱乐部队违规违纪的处罚决定
833,2012-8-17,/cftz/20120817/8057.html,关于对天津赛区（松江队主场）违规违纪的处罚决定
834,2012-8-3,/cftz/20120803/8058.html,关于对天津赛区(天津泰达足球俱乐部主场)违规违纪的处罚决定
835,2012-8-3,/cftz/20120803/8059.html,关于对北京国安足球俱乐部队教练员薛申违规违纪的处罚决定
836,2012-8-3,/cftz/20120803/8060.html,关于对北京国安足球俱乐部队教练员帕切科违规违纪的处罚决定
837,2012-7-26,/cftz/20120726/8061.html,关于对贵州人和队运动员违规违纪的处罚决定
838,2012-7-23,/cftz/20120723/8062.html,对广州富力俱乐部队教练员法里亚斯违规违纪的处罚决定
839,2012-7-23,/cftz/20120723/8063.html,关于对湖南浏阳河队教练员张旭违规违纪的处罚决定
840,2012-7-10,/cftz/20120710/8064.html,关于对上海中邦俱乐部队官员违规违纪的处罚决定
841,2012-7-10,/cftz/20120710/8065.html,关于对成都谢菲联队运动员威廉违规违纪的处罚决定
842,2012-7-10,/cftz/20120710/8066.html,关于对茅台红钻队违规违纪的处罚决定
843,2012-7-10,/cftz/20120710/8067.html,关于对呼和浩特东进队运动员违规违纪的处罚决定
844,2012-7-4,/cftz/20120704/8068.html,关于对天津松江足球俱乐部违规违纪的处罚决定
845,2012-7-4,/cftz/20120704/8069.html,关于对天津松江俱乐部队官员于超违规违纪的处罚决定
846,2012-7-4,/cftz/20120704/8070.html,关于对天津松江俱乐部运动员罗迪克违规违纪的处罚决定
847,2012-6-21,/cftz/20120621/8071.html,关于对深圳市红钻俱乐部茅台红钻队运动员违规违纪的处罚决定
848,2012-6-21,/cftz/20120621/8072.html,关于对沈阳沈北俱乐部队运动员违规违纪的处罚决定
849,2012-5-24,/cftz/20120524/8073.html,关于对哈尔滨毅腾足球俱乐部松北队官员朱山违规违纪的处罚决定
850,2012-5-24,/cftz/20120524/8074.html,关于对湖南湘涛足球俱乐部湖南浏阳河队队务谢刚违规违纪的处罚决定
851,2012-5-24,/cftz/20120524/8075.html,关于对大连赛区(大连阿尔滨主场)违规违纪的处罚决定
852,2012-5-24,/cftz/20120524/8076.html,关于对天津康师傅队队务王霄违规违纪的处罚决定
853,2012-5-24,/cftz/20120524/8077.html,关于对天津康师傅队教练员库泽违规违纪的处罚决定
854,2012-5-24,/cftz/20120524/8078.html,关于对南京赛区（江苏国信舜天主场）违规违纪的处罚决定
855,2012-5-17,/cftz/20120517/8079.html,关于对杭州绿城足球俱乐部队官员高升违规违纪的处罚决定
856,2012-5-17,/cftz/20120517/8080.html,关于对山东鲁能泰山运动员木热合&#8226;买提江违规违纪的处罚决定
857,2012-5-17,/cftz/20120517/8081.html,关于对成都谢菲联俱乐部运动员范培培违规违纪的处罚决定
858,2012-5-17,/cftz/20120517/8082.html,关于对成都谢菲联俱乐部队教练员牛洪利违规违纪的处罚决定
859,2012-4-20,/cftz/20120420/8083.html,关于对河南建业俱乐部队官员违规违纪的处罚决定
860,2012-4-20,/cftz/20120420/8084.html,关于对山东鲁能俱乐部队官员违规违纪的处罚决定
861,2012-4-20,/cftz/20120420/8085.html,关于对南昌衡源俱乐部上海申鑫队运动员违规违纪的处罚决定
862,2012-4-20,/cftz/20120420/8086.html,关于对青岛中能俱乐部队运动员违规违纪的处罚决定
863,2012-4-13,/cftz/20120413/8087.html,关于对湖南湘涛俱乐部官员王兴权违规违纪的处罚决定
864,2012-4-13,/cftz/20120413/8088.html,关于对湖南赛区(湘涛俱乐部主场)违规违纪的处罚决定
865,2012-3-29,/cftz/20120329/8089.html,对天津松江俱乐部官员迟景天、刘少卿违规违纪的处罚决定
866,2012-3-29,/cftz/20120329/8090.html,关于对重庆力帆俱乐部运动员王选宏违规违纪的处罚决定
867,2011-10-21,/cftz/20111021/8091.html,关于对天津赛区(泰达主场)违规违纪的处罚决定
868,2011-10-21,/cftz/20111021/8092.html,关于对山东赛区（鲁能主场）违规违纪的处罚决定
869,2011-10-21,/cftz/20111021/8093.html,关于对上海申花俱乐部于涛违规违纪的处罚决定
870,2011-10-21,/cftz/20111021/8094.html,关于对上海申花俱乐部姜坤违规违纪的处罚决定
871,2011-10-21,/cftz/20111021/8095.html,关于对北京国安俱乐部官员付豪违规违纪的处罚决定
872,2011-10-21,/cftz/20111021/8096.html,关于对北京国安俱乐部官员薛申违规违纪的处罚决定
873,2011-10-21,/cftz/20111021/8097.html,关于对北京国安俱乐部官员帕切科违规违纪的处罚决定
874,2011-10-20,/cftz/20111020/8098.html,关于对七城会男足乙组决赛杭州队官员违规违纪的处罚决定
875,2011-10-20,/cftz/20111020/8099.html,关于对七城会男足乙组决赛西安队官员违规违纪的处罚决定
876,2011-10-19,/cftz/20111019/8100.html,关于对长春亚泰运动员王万鹏违规违纪的处罚决定
877,2011-10-19,/cftz/20111019/8101.html,关于对长春亚泰运动员王栋违规违纪的处罚决定
878,2011-10-14,/cftz/20111014/8102.html,关于对河南钢铁女子足球队官员违规违纪的处罚决定
879,2011-9-16,/cftz/20110916/8103.html,关于对长春亚泰足球俱乐部官员违规违纪的处罚决定
880,2011-8-16,/cftz/20110816/8104.html,关于对广州恒大俱乐部运动员违规违纪的处罚决定
881,2011-8-12,/cftz/20110812/8105.html,关于对申花俱乐部官员兼运动员违规违纪的处罚决定
882,2011-8-5,/cftz/20110805/8106.html,关于对江苏华泰女子足球队运动员违规违纪的处罚决定
883,2011-8-5,/cftz/20110805/8107.html,关于对武汉中博足球俱乐部官员违规违纪的处罚决定
884,2011-7-13,/cftz/20110713/8108.html,关于对延边长白虎俱乐部运动员违规违纪的处罚决定
885,2011-7-13,/cftz/20110713/8109.html,关于对陕西宝荣浐霸足球俱乐部运动员违规违纪的处罚决定
886,2011-7-13,/cftz/20110713/8110.html,关于对深圳红钻俱乐部运动员违规违纪的处罚决定
887,2011-7-13,/cftz/20110713/8111.html,关于对天津泰达足球俱乐部运动员违规违纪的处罚决定
888,2011-6-30,/cftz/20110630/8112.html,关于对天津泰达足球俱乐部官员违规违纪的处罚决定
889,2011-6-30,/cftz/20110630/8113.html,关于对北京国安足球俱乐部官员违规违纪的处罚决定
890,2011-6-24,/cftz/20110624/8114.html,关于对广州青年队运动员违规违纪的处罚决定
891,2011-6-24,/cftz/20110624/8115.html,关于对广州青年队官员违规违纪的处罚决定
892,2011-6-24,/cftz/20110624/8116.html,关于对广州青年队违规违纪的处罚决定
893,2011-6-16,/cftz/20110616/8117.html,关于对广州恒大足球俱乐部官员王维满违规违纪的处罚决定
894,2011-6-7,/cftz/20110607/8118.html,关于对湖北东方国旅足球俱乐部运动员违规违纪的处罚决定
895,2011-6-7,/cftz/20110607/8119.html,关于对延边赛区违规违纪的处罚决定
896,2011-6-7,/cftz/20110607/8120.html,关于对浙江赛区违规违纪的处罚决定
897,2011-5-13,/cftz/20110513/8121.html,关于对城运会女足甲组预赛大连队员违规违纪的处罚决定
898,2011-5-13,/cftz/20110513/8122.html,关于对南昌赛区(南昌恒源主场)违规违纪的处罚决定
899,2011-5-13,/cftz/20110513/8123.html,关于对大连阿尔滨足球俱乐部违规违纪的处罚决定
900,2011-5-13,/cftz/20110513/8124.html,关于对湖南赛区(湖南湘涛主场)违规违纪的处罚决定
901,2011-5-13,/cftz/20110513/8125.html,关于对天津松江足球俱乐部官员违规违纪的处罚决定
902,2011-5-13,/cftz/20110513/8126.html,关于对杭州绿城足球俱乐部官员违规违纪的处罚决定
903,2011-5-13,/cftz/20110513/8127.html,关于对天津康师傅俱乐部官员违规违纪的处罚决定
904,2011-5-13,/cftz/20110513/8128.html,关于对陕西人和浐霸俱乐部运动员违规违纪的处罚决定
905,2011-4-21,/cftz/20110421/8129.html,关于对北京国安足球俱乐部官员李立新违规违纪的处罚决定
906,2011-4-21,/cftz/20110421/8130.html,关于对北京国安足球俱乐部官员帕切科违规违纪的处罚决定
907,2011-4-21,/cftz/20110421/8131.html,关于对北京国安足球俱乐部违规违纪的处罚决定
908,2011-4-19,/cftz/20110419/8132.html,关于对重庆力帆足球俱乐部官员尼科违规违纪的处罚决定
909,2010-11-5,/cftz/20101105/8133.html,关于对长春亚泰足球俱乐部官员违规违纪的处罚决定
910,2010-11-5,/cftz/20101105/8134.html,关于对南昌赛区违规违纪的处罚决定
911,2010-10-28,/cftz/20101028/8135.html,关于对青岛中能足球俱乐部官员违规违纪的处罚决定
912,2010-10-14,/cftz/20101014/8136.html,对陕西中建地产足球俱乐部官员违规违纪的处罚决定
913,2010-9-28,/cftz/20100928/8137.html,关于对上海申花俱乐部运动员违规违纪的处罚决定
914,2010-9-26,/cftz/20100926/8138.html,关于对深圳赛区违规违纪的处罚决定
915,2010-9-10,/cftz/20100910/8139.html,关于对青岛中能足球俱乐部运动员违规违纪的处罚决定
916,2010-9-10,/cftz/20100910/8141.html,关于对重庆力帆足球俱乐部队运动员违规违纪的处罚决定
917,2010-9-10,/cftz/20100910/8140.html,关于对北京八喜足球俱乐部队运动员违规违纪的处罚决定
918,2010-9-10,/cftz/20100910/8142.html,关于对上海浦东中邦足球俱乐部队运动员违规违纪的处罚决定
919,2010-9-7,/cftz/20100907/8143.html,关于对成都赛区的处罚决定
920,2010-9-7,/cftz/20100907/8144.html,关于对成都谢菲联足球俱乐部运动员违规违纪的处罚决定
921,2010-9-2,/cftz/20100902/8146.html,关于对成都谢菲联足球俱乐部运动员违规违纪的处罚决定
922,2010-9-2,/cftz/20100902/8145.html,关于对广州恒大足球俱乐部运动员违规违纪的处罚决定
923,2010-9-2,/cftz/20100902/8147.html,关于对大连实德足球俱乐部助理教练员违规违纪的处罚决定
924,2010-8-27,/cftz/20100827/8148.html,关于对延边赛区违规违纪的处罚决定
925,2010-8-16,/cftz/20100816/8149.html,关于对全国女子足球U-18联赛决赛浙江队教练员违规违纪的处罚决定
926,2010-8-11,/cftz/20100811/8150.html,关于对沈阳东进足球俱乐部教练员违规违纪的处罚决定
927,2010-8-11,/cftz/20100811/8151.html,关于对南昌衡源足球俱乐部教练员违规违纪的处罚决定
928,2010-8-3,/cftz/20100803/8152.html,关于对陕西中建地产足球俱乐部官员和运动员违规违纪的处罚决定
929,2010-8-3,/cftz/20100803/8153.html,关于对大连赛区违规违纪的处罚决定
930,2010-8-3,/cftz/20100803/8154.html,关于对南昌赛区违规违纪的处罚决定
931,2010-8-3,/cftz/20100803/8155.html,关于对沈阳东进足球俱乐部官员和运动员违规违纪的处罚决定
932,2010-8-3,/cftz/20100803/8156.html,关于对长沙金德足球俱乐部官员违规违纪的处罚决定
933,2010-7-28,/cftz/20100728/8157.html,关于对天津泰达足球俱乐部官员违规违纪的处罚决定
934,2010-7-27,/cftz/20100727/8158.html,关于对青岛中能俱乐部官员违规违纪的处罚决定
935,2010-7-27,/cftz/20100727/8159.html,关于对青岛赛区违规违纪的处罚决定
936,2010-6-2,/cftz/20100602/8161.html,关于安徽赛区（安徽九方主场）违规违纪的处罚决定
937,2010-6-2,/cftz/20100602/8160.html,关于广东日之泉足球俱乐部官员违规违纪的处罚决定
938,2010-6-2,/cftz/20100602/8162.html,关于天津赛区（天津泰达主场）违规违纪的处罚决定
939,2010-5-10,/cftz/20100510/8163.html,关于对辽宁宏运足球俱乐部违规违纪的处罚决定
940,2010-4-30,/cftz/20100430/8164.html,关于对上海中邦足球俱乐部违规违纪的处罚决定
941,2010-4-30,/cftz/20100430/8165.html,关于对安徽九方足球俱乐部违规违纪的处罚决定
942,2010-4-29,/cftz/20100429/8166.html,关于对南京有有足球俱乐部违规违纪的处罚决定
943,2010-4-29,/cftz/20100429/8167.html,关于对北京八喜足球俱乐部违规违纪的处罚决定
944,2010-4-29,/cftz/20100429/8168.html,关于对北京理工大学足球俱乐部违规违纪的处罚决定
945,2010-4-23,/cftz/20100423/8169.html,关于对南京有有俱乐部官员违规违纪的处罚决定
946,2010-4-14,/cftz/20100414/8170.html,对湖南赛区(湖南湘涛俱乐部主场)的处罚决定
947,2010-2-23,/cftz/20100223/8172.html,关于对南京有有足球俱乐部的处罚决定
948,2010-2-23,/cftz/20100223/8173.html,关于对青岛海利丰足球俱乐部的处罚决定
949,2010-2-23,/cftz/20100223/8174.html,关于对成都谢菲联足球俱乐部的处罚决定
950,2010-2-23,/cftz/20100223/8175.html,关于对广州医药足球俱乐部的处罚决定
951,2009-11-2,/cftz/20091102/8176.html,关于对河南建业足球俱乐部运动员违规违纪的处罚决定
952,2009-10-28,/cftz/20091028/8177.html,关于对天津泰达足球俱乐部运动员刘毅的处罚决定
953,2009-10-28,/cftz/20091028/8178.html,对广州医药足球俱乐部运动员违规违纪的处罚决定
954,2009-10-16,/cftz/20091016/8179.html,关于对中超联赛天津赛区的处罚决定
955,2009-10-13,/cftz/20091013/8180.html,对大连实德俱乐部运动员违规违纪行为的处罚决定
956,2009-10-13,/cftz/20091013/8181.html,对北京国安足球俱乐部运动员违规违纪的处罚决定
957,2009-10-10,/cftz/20091010/8182.html,关于对中超联赛成都赛区的处罚决定
958,2009-9-21,/cftz/20090921/8183.html,关于对中超山东(鲁能俱乐部主场)赛区的处罚决定
959,2009-9-9,/cftz/20090909/8184.html,关于对杭州绿城俱乐部队运动员违规违纪的处罚决定
960,2009-9-9,/cftz/20090909/8185.html,关于对长春亚泰俱乐部队运动员违规违纪的处罚决定
961,2009-9-9,/cftz/20090909/8186.html,关于对山东鲁能俱乐部队运动员违规违纪的处罚决定
962,2009-9-9,/cftz/20090909/8187.html,关于对上海申花队相关人员违规违纪的处罚决定
963,2009-9-4,/cftz/20090904/8188.html,关于对深圳亚旅足球俱乐部违规违纪的处罚决定
964,2009-9-2,/cftz/20090902/8189.html,对上海浦东中邦俱乐部队运动员违规违纪的处罚决定
965,2009-9-2,/cftz/20090902/8190.html,对天津泰达足球俱乐部及相关人员违规违纪的处罚决定
966,2009-8-25,/cftz/20090825/8191.html,关于对长春亚泰俱乐部教练员违规违纪的处罚决定
967,2009-8-25,/cftz/20090825/8192.html,关于对中超联赛大连赛区的处罚决定
968,2009-8-25,/cftz/20090825/8193.html,关于对南昌八一衡源队运动员的违规违纪的处罚决定
969,2009-8-4,/cftz/20090804/8194.html,关于对重庆力帆足球俱乐部教练员违规违纪的处罚决定
970,2009-7-30,/cftz/20090730/8195.html,对天津全运男足代表队运动员及相关人员的处罚决定
971,2009-7-27,/cftz/20090727/8196.html,对全运男足甲组决赛阶段天津队违规违纪的处罚决定
972,2009-7-6,/cftz/20090706/8197.html,关于对南京有有足球俱乐部官员违规违纪的处罚决定
973,2009-7-4,/cftz/20090704/8198.html,对大连毅腾俱乐部及U-15足球队相关人员违规违纪的处罚决定
974,2009-7-4,/cftz/20090704/8199.html,关于对大连实德足球俱乐部队运动员违规违纪的处罚决定
975,2009-6-24,/cftz/20090624/8200.html,关于对山东鲁能足球俱乐部教练员违规违纪的处罚决定
976,2009-6-16,/cftz/20090616/8201.html,关于对天津泰达足球俱乐部运动员违规违纪的处罚决定
977,2009-6-16,/cftz/20090616/8203.html,关于对安徽九方足球俱乐部运动员违规违纪的处罚决定
978,2009-6-16,/cftz/20090616/8202.html,关于对中超北京赛区(北京国安俱乐部主场) 的处罚决定
979,2009-6-9,/cftz/20090609/8204.html,关于韩国足协对非持证经纪人违规违纪行为处罚的通报
980,2009-5-13,/cftz/20090513/8205.html,关于对江苏舜天国信队运动员违规违纪的处罚决定
981,2009-4-30,/cftz/20090430/8206.html,对新疆第11届全运会女子足球代表队违规违纪的处罚决定
982,2009-4-30,/cftz/20090430/8207.html,对申花足球俱乐部队运动员违规违纪的处罚决定
983,2009-4-26,/cftz/20090426/8208.html,对全运会女子足球成年组预赛成都赛区的处罚决定
984,2009-4-26,/cftz/20090426/8209.html,关于对第十一届全运会女子足球成年组预赛中新疆代表队违规违纪的处罚决定
985,2009-4-21,/cftz/20090421/8210.html,对北京国安足球俱乐部运动员违规违纪的处罚决定
986,2009-4-21,/cftz/20090421/8211.html,对南昌八一衡源足球俱乐部领队违规违纪的处罚决定
987,2009-4-16,/cftz/20090416/8212.html,关于对中超联赛重庆赛区的处罚决定
988,2009-4-16,/cftz/20090416/8213.html,关于对南京有有足球俱乐部运动员违规违纪的处罚决定
989,2009-4-1,/cftz/20090401/8214.html,关于对中超联赛大连、长沙、成都赛区的处罚决定
990,2009-4-1,/cftz/20090401/8215.html,关于对山东鲁能足球俱乐部运动员违规违纪的处罚决定
991,2009-3-25,/cftz/20090325/8216.html,对大连实德俱乐部运动员违规违纪行为的处罚决定
992,2009-3-25,/cftz/20090325/8217.html,关于对天津赛区(天津泰达俱乐部主场)的处罚决定
993,2008-11-25,/cftz/20081125/8218.html,关于对长沙金德俱乐部工作人员的处罚决定
994,2008-11-15,/cftz/20081115/8219.html,对天津泰达队领队、运动员违规违纪行为的处罚决定
995,2008-11-14,/cftz/20081114/8220.html,对天津泰达队领队、运动员违规违纪的处罚决定
996,2008-11-7,/cftz/20081107/8221.html,对延边足球俱乐部运动员违规违纪行为的处罚决定
997,2008-10-31,/cftz/20081031/8222.html,对深圳足球俱乐部运动员违规违纪行为的处罚决定
998,2008-10-24,/cftz/20081024/8223.html,对北京国安足球俱乐部队运动员违规违纪处罚决定
999,2008-10-22,/cftz/20081022/8224.html,对北京宏登俱乐部教练员违规违纪的处罚决定
1000,2008-10-10,/cftz/20081010/8225.html,<font color=red>关于对中超联赛中违规违纪行为的处罚决定</font>
1001,2008-10-7,/cftz/20081007/8226.html,<font color=red>对武汉足球俱乐部退出2008年中超联赛的处罚决定</font>
1002,2008-10-7,/cftz/20081007/8227.html,中国足协纪律委员会通告
1003,2008-10-1,/cftz/20081001/8228.html,对辽宁足球俱乐部宏运队教练员违规违纪处罚决定
1004,2008-10-1,/cftz/20081001/8229.html,关于对中超联赛中违规违纪行为的处罚决定
1005,2008-7-16,/cftz/20080716/8230.html,对青岛中能足球俱乐部运动员违规违纪处罚决定
1006,2008-7-16,/cftz/20080716/8231.html,对武汉职业足球俱乐部教练员违规违纪处罚决定
1007,2008-7-8,/cftz/20080708/8232.html,对北京河南女足俱乐部及教练队员违规违纪处罚决定
1008,2008-7-2,/cftz/20080702/8233.html,对烟台毅腾俱乐部主教练王军违规违纪的处罚决定
1009,2008-6-28,/cftz/20080628/8234.html,关于对长春亚泰俱乐部运动员违规违纪的处罚决定
1010,2008-6-27,/cftz/20080627/8235.html,关于对中超联赛中违规违纪行为的处罚决定
1011,2008-6-27,/cftz/20080627/8236.html,对陕西中新浐灞俱乐部领队吴兵违规违纪处罚决定
1012,2008-6-18,/cftz/20080618/8237.html,关于对江苏南京赛区(舜天队主场)的处罚决定
1013,2008-6-12,/cftz/20080612/8238.html,对上海申花U-17队及相关人员违规违纪处罚决定
1014,2008-6-12,/cftz/20080612/8239.html,对北京宏登俱乐部及相关人员违规违纪处罚决定
1015,2008-6-4,/cftz/20080604/8240.html,对四川足球俱乐部及相关人员违规违纪的处罚决定
1016,2008-5-22,/cftz/20080522/8241.html,对天津泰达足球俱乐部及相关人员的处罚决定
1017,2008-5-22,/cftz/20080522/8242.html,中国足协关于对天津泰达赛区的处罚决定
1018,2008-5-22,/cftz/20080522/8243.html,对南昌八一衡源足球俱乐部运动员的处罚决定
1019,2008-5-15,/cftz/20080515/8244.html,关于对无锡中邦队运动员违规违纪的处罚决定
1020,2008-5-8,/cftz/20080508/8245.html,对武汉队运动员及大连队违规违纪的处罚决定
1021,2008-5-7,/cftz/20080507/8246.html,对武汉队运动员及大连队违规违纪的处罚决定
1022,2008-5-7,/cftz/20080507/8247.html,对成都谢菲联俱乐部教练员违规违纪的处罚决定
1023,2008-4-2,/cftz/20080402/8248.html,对辽足俱乐部宏运队运动员违规违纪的处罚决定
1024,2007-10-24,/cftz/20071024/8249.html,<font color=red>对西藏惠通陆华足球俱乐部及队员违规违纪处罚</font>
1025,2007-9-4,/cftz/20070904/8250.html,对中超辽宁足球俱乐部教练员违规违纪的处罚决定
1026,2007-8-29,/cftz/20070829/8251.html,关于对中甲联赛成都赛区的处罚决定
1027,2007-8-27,/cftz/20070827/8252.html,关于对07金威啤酒中超联赛青岛赛区的处罚决定
1028,2007-8-26,/cftz/20070826/8253.html,关于对浙江绿城俱乐部教练员违规违纪的处罚决定
1029,2007-8-15,/cftz/20070815/8254.html,关于对深圳上清饮足球俱乐部队违规违纪的处罚决定
1030,2007-8-15,/cftz/20070815/8255.html,关于对八一衡源足球俱乐部及运动员违规违纪的处罚决定
1031,2007-8-8,/cftz/20070808/8256.html,关于对西藏惠通陆华足球俱乐部的处罚决定
1032,2007-7-24,/cftz/20070724/8258.html,关于对山东鲁能俱乐部违规违纪的处罚决定
1033,2007-7-24,/cftz/20070724/8257.html,关于对山东鲁能俱乐部违规违纪的处罚决定
1034,2007-6-26,/cftz/20070626/8259.html,<b>关于对广州医药足球俱乐部主教练沈祥福的处罚决定</b>
1035,2007-5-29,/cftz/20070529/8260.html,关于对陕西宝荣浐灞足球俱乐部中新浐灞队及教练员、运动员违规违纪的处罚决定
1036,2007-4-26,/cftz/20070426/8261.html,关于对呼和浩特队教练员程强的处罚决定
1037,2007-4-26,/cftz/20070426/8262.html,关于对厦门蓝狮队运动员梅尔坎的处罚决定
1038,2007-4-14,/cftz/20070414/8263.html,关于对07金威啤酒中超联赛河南赛区的处罚决定
1039,2007-3-29,/cftz/20070329/8264.html,关于对陕西宝荣浐灞足球俱乐部中新浐灞队及教练员违规违纪的处罚决定
1040,2007-3-6,/cftz/20070306/8265.html,关于对大连实德队员杨科维奇违规违纪处罚决定
1041,2006-12-22,/cftz/20061222/8266.html,(12月22日)2006年足协杯赛中违规违纪处罚决定
1042,2006-11-10,/cftz/20061110/8267.html,（11月10日）职业俱乐部预备队联赛违规违纪处罚
1043,2006-10-23,/cftz/20061023/8268.html,(10月23日)中甲第25轮黄、红牌统计及第26轮停赛通知
1044,2006-9-21,/cftz/20060921/8269.html,（9月21日）关于对长春赛区违规违纪的处罚决定
1045,2006-8-30,/cftz/20060830/8270.html,（8月30日）对沈阳赛区违规违纪的处罚决定
1046,2006-8-24,/cftz/20060824/8271.html,（8月24日）对重庆力帆教练徐晖违规违纪的处罚决定
1047,2006-8-22,/cftz/20060822/8272.html,（8月22日）关于对中甲联赛中违规违纪的处罚决定
1048,2006-8-18,/cftz/20060818/8273.html,（8月18日）关于对西安赛区违规违纪的处罚决定
1049,2006-8-18,/cftz/20060818/8274.html,（8月18日）关于对西安赛区违规违纪的处罚决定
1050,2006-7-25,/cftz/20060725/8275.html,（7月25日）对国际俱乐部和教练员贾春华的处罚决定
1051,2006-7-19,/cftz/20060719/8276.html,（7月19日）对延边教练金光洙山西教练丁哲处罚决定
1052,2006-7-13,/cftz/20060713/8277.html,（7月13日）对2006足协杯赛中违规违纪的处罚决定
1053,2006-5-30,/cftz/20060530/8278.html,（5月30日）2006爱福克斯中超联赛违规违纪处罚决定
1054,2006-5-26,/cftz/20060526/8279.html,（5月26日）对中国U21国家队队员周海滨处罚的决定
1055,2006-5-22,/cftz/20060522/8280.html,（5月22日）关于对中超联赛中违规违纪的处罚决定
1056,2006-5-9,/cftz/20060509/8281.html,（5月9日）关于对中超联赛中违规违纪的处罚决定
1057,2006-5-9,/cftz/20060509/8282.html,（5月9日）关于对辽宁抚顺赛区违规违纪的处罚决定
1058,2006-4-29,/cftz/20060429/8283.html,（4月29日）关于对西安赛区违规违纪的处罚决定
1059,2006-4-18,/cftz/20060418/8284.html,（4月18日）关于对中甲联赛中违规违纪的处罚决定
1060,2006-4-10,/cftz/20060410/8285.html,（4月10日）深足王宝山与陕西球迷发生冲突的通报
1061,2006-3-17,/cftz/20060317/8286.html,（3月17日）2006年足协杯违规违纪纪律处罚
1062,2006-3-14,/cftz/20060314/8287.html,（3月14日）取消湘军延边06足协杯参赛资格的通知
1063,2005-10-21,/cftz/20051021/8288.html,（10月21日）中超第23轮中违规违纪事件处罚决定
1064,2005-10-1,/cftz/20051001/8289.html,（9月30日）对全国女足U16赛中违规的处罚通报
1065,2005-9-7,/cftz/20050907/8290.html,（9月7日）大连实德队员邹捷违规违纪的处罚决定
1066,2005-7-20,/cftz/20050720/8291.html,（7月20日）关于对青岛海信队张翼飞的处罚决定
1067,2005-7-6,/cftz/20050706/8292.html,（7月6日）重庆力帆队教练员马林违规违纪的处罚决定
1068,2005-7-6,/cftz/20050706/8293.html,（7月6日）对李雷雷违规违纪的处罚决定
1069,2005-6-29,/cftz/20050629/8294.html,（6月29日）足协杯赛武汉赛区违规违纪的处罚决定
1070,2005-6-10,/cftz/20050610/8295.html,（6月10日）对中甲新乡赛区违规违纪的处罚决定
1071,2005-6-8,/cftz/20050608/8296.html,（6月8日）关于湖南湘军队吴振宇的处罚决定
1072,2005-5-24,/cftz/20050524/8297.html,（5月24日）对中甲联赛长春赛区的处罚决定
1073,2005-4-2,/cftz/20050402/8298.html,（4月2日）取消陕西国力足球俱乐部注册资格的决定
1074,2005-3-29,/cftz/20050329/8299.html,（3月29日）足协杯祁宏等违规违纪行为的处罚决定
1075,2005-1-25,/cftz/20050125/8300.html,（1月24日）对沈阳金德张可兴奋剂的处罚
1076,2004-12-27,/cftz/20041227/8326.html,（5月27日）对科健教练孙宪义违规的处罚
1077,2004-12-27,/cftz/20041227/8325.html,（5月18日）中甲联赛对王珀违纪的处罚决定
1078,2004-12-27,/cftz/20041227/8324.html,（5月26日）对上海（国际）赛区违规的处罚
1079,2004-12-27,/cftz/20041227/8323.html,（5月14日）对中甲中江洪违纪的处罚决定
1080,2004-12-27,/cftz/20041227/8322.html,（5月12日）女超联赛中违规违纪的处罚决定
1081,2004-12-27,/cftz/20041227/8321.html,（4月5日）中甲联赛孙宪义违纪的处罚决定
1082,2004-12-27,/cftz/20041227/8320.html,（4月13日）足协杯范志毅违纪的处罚决定
1083,2004-12-27,/cftz/20041227/8319.html,（2月11日）对体测中高飞违规的处罚决定
1084,2004-12-27,/cftz/20041227/8318.html,（2月6日）对张帅兴奋剂事件的处罚决定
1085,2004-12-27,/cftz/20041227/8317.html,（2月6日）对刘正坤体测违纪的处罚决定
1086,2004-12-27,/cftz/20041227/8316.html,（9月6日）关于乙级联赛中违纪违规的处罚决定
1087,2004-12-27,/cftz/20041227/8315.html,（9月6日）乙级联赛（北区）纪律委员会处罚决定
1088,2004-12-27,/cftz/20041227/8314.html,（9月13日）对青岛教练员汤乐普冷波的处罚
1089,2004-12-27,/cftz/20041227/8313.html,（9月17日）对四川冠城姜坤违纪的处罚决定
1090,2004-12-27,/cftz/20041227/8312.html,（9月24日）中甲海利丰及国力违规违纪的处罚决定
1091,2004-12-27,/cftz/20041227/8311.html,（9月28日）对四川冠城赛区违规违纪的处罚决定
1092,2004-12-27,/cftz/20041227/8310.html,（10月13日）对于胡云峰违规违纪行为的处罚决定
1093,2004-12-27,/cftz/20041227/8309.html,（10月13日）对大连和重庆违规违纪的处罚决定
1094,2004-12-27,/cftz/20041227/8308.html,（10月14日）对于北京现代罢赛的处罚决定
1095,2004-12-27,/cftz/20041227/8307.html,（6月1日）足协对中超违纪的上海国际处罚决定
1096,2004-12-27,/cftz/20041227/8306.html,（8月21日）对深圳健力宝队体能教练的纪律处罚
1097,2004-12-27,/cftz/20041227/8305.html,（10月13日）关于对2004西门子移动中超联赛中违规违纪行为的处罚决定
1098,2004-12-27,/cftz/20041227/8304.html,（10月13日）关于对南京有有足球俱乐部运动员胡云峰违规违纪行为的处罚决定
1099,2004-12-27,/cftz/20041227/8303.html,（10月27日）对04中超联赛中违规违纪行为的处罚决定
1100,2004-12-27,/cftz/20041227/8302.html,（11月5日）对甘肃天马队李维良违规违纪的处罚决定
1101,2004-12-27,/cftz/20041227/8301.html,（8月10日）关于2004蓝带中国足协杯赛中违规违纪的处罚决定
