id,sn,sn_2,date,title,link
0,,,,关于对中国U19国家男子足球队球员陶强龙、刘祝润、彭号、任丽昊、韩东、何龙海违规违纪的处罚决定,http://www.thecfa.cn/cftz/20200606/28670.html
1,,,,关于对广州富力足球俱乐部队官员斯托伊科维奇违规违纪的处罚决定,http://www.thecfa.cn/cftz/20191105/28428.html
2,,,,关于对天津泰达足球俱乐部U19队球员赵研博违规违纪的处罚决定,http://www.thecfa.cn/cftz/20191105/28427.html
3,,,,关于对淄博蹴鞠足球俱乐部队球员张丰羽违规违纪的处罚决定,http://www.thecfa.cn/cftz/20191024/28426.html
4,,,,关于对四川优必选足球俱乐部队球员耿晓顺违规违纪的处罚决定,http://www.thecfa.cn/cftz/20191024/28425.html
5,,,,关于对成都兴城足球俱乐部队球员胡明天违规违纪的处罚决定,http://www.thecfa.cn/cftz/20191024/28424.html
6,,,,关于对大连千兆足球俱乐部队球员董志远违规违纪的处罚决定,http://www.thecfa.cn/cftz/20191024/28423.html
7,,,,关于对大连千兆足球俱乐部队官员刘宏毅违规违纪的处罚决定,http://www.thecfa.cn/cftz/20191024/28422.html
8,,,,关于对河北精英女子足球队官员侯智敏违规违纪的处罚决定,http://www.thecfa.cn/cftz/20191024/28421.html
9,,,,关于对上海申鑫足球俱乐部U19队球员苗祥涛违规违纪的处罚决定,http://www.thecfa.cn/cftz/20191024/28420.html
10,,,,中国足协关于天津天海俱乐部球员张鹭的处罚决定,http://www.thecfa.cn/cftz/20190927/28166.html
11,,,,中国足协关于天津天海俱乐部球员张鹭涉嫌违法行为的处罚决定,http://www.thecfa.cn/cftz/20190921/28083.html
12,,,,关于对保定英利易通足球俱乐部未执行中国足协仲裁调解书的处罚决定,http://www.thecfa.cn/cftz/20190920/28080.html
13,,,,关于对大连一方足球俱乐部队球员李建滨违规违纪的处罚决定,http://www.thecfa.cn/cftz/20190920/28079.html
14,,,,关于对内蒙古中优足球俱乐部呼和浩特队违规违纪的处罚决定,http://www.thecfa.cn/cftz/20190920/28078.html
15,,,,关于对内蒙古中优足球俱乐部呼和浩特队球员于帅、李健违规违纪的处罚决定,http://www.thecfa.cn/cftz/20190920/28077.html
16,,,,关于对中国U-22国家男子足球队运动员郭田雨违规违纪的处罚决定,http://www.thecfa.cn/cftz/20190920/28076.html
17,,,,关于对上海申鑫足球俱乐部队球员李万杰、李伟杰违规违纪的处罚决定,http://www.thecfa.cn/cftz/20190911/28004.html
18,,,,关于对浙江绿城足球俱乐部队球员程进违规违纪的处罚决定,http://www.thecfa.cn/cftz/20190903/27978.html
19,,,,关于对广州富力足球俱乐部队球员托西奇违规违纪的处罚决定,http://www.thecfa.cn/cftz/20190903/27977.html
20,,,,关于对贵州恒丰足球俱乐部队官员谭雨涛违规违纪的处罚决定,http://www.thecfa.cn/cftz/20190809/27871.html
21,,,,关于对武汉卓尔职业足球俱乐部队及其官员李铁违规违纪的处罚决定,http://www.thecfa.cn/cftz/20190809/27870.html
22,,,,关于对河南建业足球俱乐部U19队球员刘家辉违规违纪的处罚决定,http://www.thecfa.cn/cftz/20190731/27813.html
23,,,,关于对辽宁足球俱乐部沈阳宏运队球员李成林违规违纪的处罚决定,http://www.thecfa.cn/cftz/20190731/27812.html
24,,,,关于对江苏苏宁足球俱乐部苏宁易购队球员帕莱塔违规违纪的处罚决定,http://www.thecfa.cn/cftz/20190723/27720.html
25,,,,关于对内蒙古中优足球俱乐部U19队球员贾晨浩违规违纪的处罚决定,http://www.thecfa.cn/cftz/20190719/27698.html
26,,,,关于对延边足协U19队球员梁兵违规违纪的处罚决定,http://www.thecfa.cn/cftz/20190719/27697.html
27,,,,关于对江苏苏宁足球俱乐部苏宁易购队球员谢鹏飞违规违纪的处罚决定,http://www.thecfa.cn/cftz/20190719/27696.html
28,,,,关于对江苏苏宁足球俱乐部苏宁易购队球员叶重秋违规违纪的处罚决定,http://www.thecfa.cn/cftz/20190719/27695.html
29,成足发[2019]35 号,成足发[2019]36 号,,中国足协关于对成都胜利十一人足球俱乐部及廖勇等5人违规违纪的处罚决定,http://www.thecfa.cn/cftz/20190717/27688.html
30,,,,关于将西安市鄠邑区足球协会对张宏伟违规违纪的处罚决定在全国执行的通知,http://www.thecfa.cn/cftz/20190712/27666.html
31,,,,关于将西安市足球协会对郭弈辉违规违纪处罚决定在全国执行的通知,http://www.thecfa.cn/cftz/20190712/27665.html
32,,,,关于对南通支云足球俱乐部队及其官员李毅违规违纪的处罚决定,http://www.thecfa.cn/cftz/20190712/27664.html
33,,,,关于对中甲联赛黑龙江赛区（黑龙江FC主场）违规违纪的处罚决定,http://www.thecfa.cn/cftz/20190712/27662.html
34,,,,关于对深圳足球俱乐部U19队球员李威违规违纪的处罚决定,http://www.thecfa.cn/cftz/20190712/27667.html
35,,,,关于对中超联赛武汉赛区（武汉卓尔主场）违规违纪的处罚决定,http://www.thecfa.cn/cftz/20190704/27543.html
36,,,,关于对山东鲁能泰山足球俱乐部队球员费莱尼违规违纪的处罚决定,http://www.thecfa.cn/cftz/20190704/27542.html
37,,,,关于对中甲联赛贵州赛区（贵州恒丰足球俱乐部主场）违规违纪的处罚决定,http://www.thecfa.cn/cftz/20190620/27427.html
38,,,,关于对广东梅州客家足球俱乐部队球员霍亮违规违纪的处罚决定,http://www.thecfa.cn/cftz/20190620/27426.html
39,,,,关于对北京北体大足球俱乐部U14队官员武闻广违规违纪的处罚决定,http://www.thecfa.cn/cftz/20190620/27425.html
40,,,,关于对北京北体大足球俱乐部及其U17队违规违纪的处罚决定,http://www.thecfa.cn/cftz/20190611/27361.html
41,,,,关于对青岛中能足球俱乐部及其U17队违规违纪的处罚决定,http://www.thecfa.cn/cftz/20190611/27360.html
42,,,,关于对青岛中能足球俱乐部U17队球员胡俊超、元祯浜、韩金志、崔子骏、王浩违规违纪的处罚决定,http://www.thecfa.cn/cftz/20190611/27359.html
43,,,,关于对北京北体大足球俱乐部U17队球员李俊驹、马万、孙航、陈凡、范学梁、陈禹全违规违纪的处罚决定,http://www.thecfa.cn/cftz/20190611/27358.html
44,,,,关于对天津天海足球俱乐部U19队官员田野违规违纪的处罚决定,http://www.thecfa.cn/cftz/20190611/27357.html
45,,,,关于对山东鲁能泰山足球俱乐部队球员李海龙违规违纪的处罚决定,http://www.thecfa.cn/cftz/20190611/27356.html
46,,,,关于对长春亚泰足球俱乐部队官员杨敬东、陈金刚违规违纪的处罚决定,http://www.thecfa.cn/cftz/20190529/27246.html
47,,,,关于对四川隆发足球俱乐部队官员彭晓方违规违纪的处罚决定,http://www.thecfa.cn/cftz/20190529/27245.html
48,,,,关于对南通支云足球俱乐部队官员亚瑟违规违纪的处罚决定,http://www.thecfa.cn/cftz/20190529/27244.html
49,,,,关于对成都棠湖外国语学校U19队官员朱峰鹏违规违纪的处罚决定,http://www.thecfa.cn/cftz/20190524/27215.html
50,,,,关于对北京北体大足球俱乐部队球员聂涛违规违纪的处罚决定,http://www.thecfa.cn/cftz/20190507/26978.html
51,,,,关于对河北华夏幸福足球俱乐部队球员耿晓峰违规违纪的处罚决定,http://www.thecfa.cn/cftz/20190507/26977.html
52,,,,关于对新疆天山雪豹足球俱乐部预备队官员马克违规违纪的处罚决定,http://www.thecfa.cn/cftz/20190502/26894.html
53,,,,关于对上海申鑫足球俱乐部队官员朱炯违规违纪的处罚决定,http://www.thecfa.cn/cftz/20190502/26893.html
54,足纪字[2019]19号,,,关于对广东华南虎足球俱乐部梅县铁汉生态队球员余文鹤违规违纪的处罚决定,http://www.thecfa.cn/cftz/20190426/26882.html
55,足纪字[2019]21号,,,关于对广东华南虎足球俱乐部梅县铁汉生态队、长春亚泰足球俱乐部队违规违纪的处罚决定,http://www.thecfa.cn/cftz/20190426/26881.html
56,足纪字[2019]20号,,,关于对长春亚泰足球俱乐部队球员周大地违规违纪的处罚决定,http://www.thecfa.cn/cftz/20190426/26880.html
57,,,,关于对大连一方足球俱乐部队球员李帅违规违纪的处罚决定,http://www.thecfa.cn/cftz/20190419/26838.html
58,,,,关于对内蒙古中优足球俱乐部呼和浩特足球队球员徐擎违规违纪的处罚决定,http://www.thecfa.cn/cftz/20190419/26837.html
59,,,,关于对青岛中青英联足球俱乐部队球员徐海亮、陈晓东违规违纪的处罚决定,http://www.thecfa.cn/cftz/20190419/26836.html
60,,,,关于对室内五人制甲级联赛上海上汽同济大学队官员马红兵违规违纪的处罚决定,http://www.thecfa.cn/cftz/20190419/26835.html
61,,,,关于对上海绿地申花俱乐部运动员周俊辰缩减处罚期限的决定,http://www.thecfa.cn/cftz/20190411/26753.html
62,足纪字[2019]14号,,,关于对南通支云足球俱乐部队球员南云齐违规违纪的处罚决定,http://www.thecfa.cn/cftz/20190403/26679.html
63,足纪字[2019]13号,,,关于对中甲联赛四川都江堰赛区违规违纪的处罚决定,http://www.thecfa.cn/cftz/20190403/26678.html
64,足纪字[2019]12号,,,关于对深圳市足球俱乐部佳兆业队球员葛振违规违纪的处罚决定,http://www.thecfa.cn/cftz/20190403/26676.html
65,足纪字[2019]11号,,,关于对武汉卓尔职业足球俱乐部队球员拉斐尔•席尔瓦违规违纪的处罚决定,http://www.thecfa.cn/cftz/20190403/26674.html
66,足纪字[2019]10号,,,关于对青超联赛U19（B组）重庆赛区违规违纪的处罚决定,http://www.thecfa.cn/cftz/20190403/26673.html
67,足纪字[2019]9号,,,关于对重庆当代力帆足球俱乐部、浙江毅腾足球俱乐部违规违纪的处罚决定,http://www.thecfa.cn/cftz/20190403/26672.html
68,足纪字[2019]8号,,,关于对浙江毅腾U19队球员阿力马斯、艾则麦提江违规违纪的处罚决定,http://www.thecfa.cn/cftz/20190403/26671.html
69,足纪字[2019]7号,,,关于对重庆斯威U19队球员满源、马德福、肖鑫鑫、李博文违规违纪的处罚决定,http://www.thecfa.cn/cftz/20190403/26670.html
70,足纪字[2019]6号,,,关于对天津天海U19队官员田野违规违纪的处罚决定,http://www.thecfa.cn/cftz/20190403/26669.html
71,足纪字[2019]5号,,,关于对青岛中能足球俱乐部未执行国际足联裁决的处罚决定,http://www.thecfa.cn/cftz/20190325/26587.html
72,足纪字[2019]4号,,,关于对新疆天山雪豹U19队球员阿克卓力•何孜尔汗违规违纪的处罚决定,http://www.thecfa.cn/cftz/20190307/26449.html
73,足纪字[2019]3号,,,关于对上海绿地申花足球俱乐部队球员柏佳骏、孙世林违规违纪的处罚决定,http://www.thecfa.cn/cftz/20190307/26448.html
74,足纪字[2019]2号,,,关于取消大连超越、上海申梵、深圳人人、海南博盈足球俱乐部注册资格的处罚决定,http://www.thecfa.cn/cftz/20190228/26417.html
75,,,,关于将《闽足纪字〔2019〕001号处罚决定》在全国执行的通知,http://www.thecfa.cn/cftz/20190228/26415.html
76,,,,关于对河南建业足球俱乐部队球员顾操违规违纪的处罚决定,http://www.thecfa.cn/cftz/20181115/25622.html
77,足纪字[2018]111号,,,关于对长春农商银行女子足球队官员李伟奇违规违纪的处罚决定,http://www.thecfa.cn/cftz/20181109/25569.html
78,足纪字[2018]110号,,,关于对内蒙古满洲里边城雪狼足球俱乐部队球员谢飞违规违纪的处罚决定,http://www.thecfa.cn/cftz/20181109/25568.html
79,足纪字[2018]109号,,,关于对山东鲁能泰山足球俱乐部队球员塔尔德利违规违纪的处罚决定,http://www.thecfa.cn/cftz/20181031/25512.html
80,足纪字[2018]108号,,,关于对上海上港集团足球俱乐部队违规违纪的处罚决定,http://www.thecfa.cn/cftz/20181031/25511.html
81,足纪字[2018]107号,,,关于对四川都江堰赛区违规违纪的处罚决定,http://www.thecfa.cn/cftz/20181031/25510.html
82,足纪字[2018]106号,,,关于沈阳城市足球俱乐部队球员李志斌违规违纪的处罚决定,http://www.thecfa.cn/cftz/20181027/25493.html
83,足纪字[2018]105号,,,关于沈阳城市足球俱乐部队俱乐部官员徐冀宁违规违纪的处罚决定,http://www.thecfa.cn/cftz/20181027/25492.html
84,足纪字[2018]104号,,,关于对宁夏吴忠赛区违规违纪的处罚决定,http://www.thecfa.cn/cftz/20181027/25491.html
85,足纪字[2018]103号,,,关于长春大众卓越女子U14足球队官员王维鹤违规违纪的处罚决定,http://www.thecfa.cn/cftz/20181027/25490.html
86,足纪字[2018]102号,,,关于对恒大足球学校U19B队球员马升违规违纪的处罚决定,http://www.thecfa.cn/cftz/20181027/25489.html
87,足纪字[2018]101号,,,关于对武汉卓尔职业足球俱乐部U19队球员丁荆龙违规违纪的处罚决定,http://www.thecfa.cn/cftz/20181027/25488.html
88,足纪字[2018]100号,,,关于对浙江绿城足球俱乐部U19队球员邵仁哲违规违纪的处罚决定,http://www.thecfa.cn/cftz/20181027/25487.html
89,足纪字[2018]099号,,,关于对延边富德足球俱乐部队违规违纪的处罚决定,http://www.thecfa.cn/cftz/20181027/25486.html
90,足纪字[2018]098号,,,关于对江苏苏宁足球俱乐部苏宁易购队违规违纪的处罚决定,http://www.thecfa.cn/cftz/20181027/25485.html
91,,,,关于对上海上港集团足球俱乐部队俱乐部官员佩雷拉违规违纪的处罚决定,http://www.thecfa.cn/cftz/20181018/25356.html
92,,,,关于对青岛赛区（青岛中能足球俱乐部队主场）违规违纪的处罚决定,http://www.thecfa.cn/cftz/20181018/25355.html
93,,,,关于对河北华夏幸福足球俱乐部队球员张呈栋违规违纪的处罚决定,http://www.thecfa.cn/cftz/20181003/25097.html
94,,,,关于对天津泰达足球俱乐部队球员白岳峰违规违纪的处罚决定,http://www.thecfa.cn/cftz/20181003/25096.html
95,,,,关于对贵州恒丰足球俱乐部队违规违纪的处罚决定,http://www.thecfa.cn/cftz/20181003/25095.html
96,足纪字[2018]092号,,,关于对贵州恒丰足球俱乐部队官员佩德莱斯库违规违纪的处罚决定,http://www.thecfa.cn/cftz/20180927/25058.html
97,足纪字[2018]091号,,,关于对大连一方足球俱乐部队违规违纪的处罚决定,http://www.thecfa.cn/cftz/20180927/25057.html
98,足纪字[2018]090号,,,关于对北京人和足球俱乐部队球员靳辉违规违纪的处罚决定,http://www.thecfa.cn/cftz/20180927/25056.html
99,,,,关于对中国U19国家男子足球队运动员周俊辰违规违纪的处罚决定,http://www.thecfa.cn/cftz/20180917/24984.html
100,,,,关于对长春农商银行女子足球队官员李伟奇违规违纪的处罚决定,http://www.thecfa.cn/cftz/20180913/24952.html
101,,,,关于对黑龙江火山鸣泉足球俱乐部队违规违纪的处罚决定,http://www.thecfa.cn/cftz/20180913/24951.html
102,,,,关于对黑龙江火山鸣泉足球俱乐部队官员李海军违规违纪的处罚决定,http://www.thecfa.cn/cftz/20180913/24950.html
103,,,,关于对内蒙古盛乐蒙羊足球俱乐部U19队球员甘彬宏违规违纪的处罚决定,http://www.thecfa.cn/cftz/20180913/24949.html
104,,,,关于对青岛中能U19队球员周宝林违规违纪的处罚决定,http://www.thecfa.cn/cftz/20180913/24948.html
105,足纪字[2018]084号,,,关于对重庆当代力帆足球俱乐部队球员隋维杰违规违纪的处罚决定 ,http://www.thecfa.cn/cftz/20180827/24387.html
106,足纪字[2018]083号,,,关于对青岛黄海足球俱乐部队官员米盖尔违规违纪的处罚决定,http://www.thecfa.cn/cftz/20180817/24295.html
107,足纪字[2018]082号,,,关于对上海绿地申花足球俱乐部预备队官员范志毅违规违纪的处罚决定,http://www.thecfa.cn/cftz/20180817/24294.html
108,足纪字[2018]081号,,,关于对北京人和足球俱乐部队球员刘健违规违纪的处罚决定,http://www.thecfa.cn/cftz/20180817/24293.html
109,足纪字[2018]080号,,,关于对长春亚泰足球俱乐部队球员张力违规违纪的处罚决定,http://www.thecfa.cn/cftz/20180810/24243.html
110,足纪字[2018]079号,,,关于对大连一方足球俱乐部队球员朱晓刚违规违纪的处罚决定,http://www.thecfa.cn/cftz/20180810/24242.html
111,足纪字[2018]078号,,,关于对长春亚泰足球俱乐部U19队球员吕飞、刘津违规违纪的处罚决定,http://www.thecfa.cn/cftz/20180810/24241.html
112,足纪字[2018]077号,,,关于对上海申鑫足球俱乐部U19队球员戴淋强、沈伊唯违规违纪的处罚决定,http://www.thecfa.cn/cftz/20180810/24240.html
113,足纪字[2018]076号,,,关于对新疆天山雪豹足球俱乐部雪豹纳欢U19队球员木卡代斯违规违纪的处罚决定,http://www.thecfa.cn/cftz/20180810/24239.html
114,足纪字[2018]075号,,,关于对河南建业足球俱乐部队球员卡兰加违规违纪的处罚决定,http://www.thecfa.cn/cftz/20180810/24238.html
115,足纪字[2018]074号,,,关于对浙江绿城足球俱乐部队官员岳璋违规违纪的处罚决定,http://www.thecfa.cn/cftz/20180810/24236.html
116,足纪字[2018]073号,,,关于对内蒙古中优足球俱乐部呼和浩特足球队官员郑才煜违规违纪的处罚决定,http://www.thecfa.cn/cftz/20180810/24235.html
117,足纪字[2018]072号,,,关于对江苏苏宁足球俱乐部苏宁易购队违规违纪的处罚决定,http://www.thecfa.cn/cftz/20180810/24234.html
118,足纪字[2018]071号,,,关于对陕西省大秦之水智诚女子足球队官员张峥违规违纪的处罚决定,http://www.thecfa.cn/cftz/20180810/24233.html
119,足纪字[2018]070号,,,关于对江苏苏宁足球俱乐部苏宁易购队球员帕莱塔违规违纪的处罚决定,http://www.thecfa.cn/cftz/20180731/24106.html
120,足纪字[2018]069号,,,关于对重庆当代力帆足球俱乐部斯威队违规违纪的处罚决定,http://www.thecfa.cn/cftz/20180725/24089.html
121,足纪字[2018]068号,,,关于对浙江毅腾足球俱乐部轻纺城队球员于涛违规违纪的处罚决定,http://www.thecfa.cn/cftz/20180725/24088.html
122,足纪字[2018]067号,,,关于对浙江毅腾足球俱乐部轻纺城队球员刘小龙违规违纪的处罚决定,http://www.thecfa.cn/cftz/20180725/24084.html
123,足纪字[2018]066号,,,关于对上海申鑫足球俱乐部队球员张文涛违规违纪的处罚决定,http://www.thecfa.cn/cftz/20180711/24028.html
124,足纪字[2018]065号,,,关于对辽宁足球俱乐部沈阳宏运U19队球员崔洪元违规违纪的处罚决定,http://www.thecfa.cn/cftz/20180711/24027.html
125,足纪字[2018]068号,,,关于取消安徽合肥桂冠足球俱乐部注册资格的处罚决定,http://www.thecfa.cn/cftz/20180711/24025.html
126,足纪字[2018]067号,,,关于取消沈阳东进足球俱乐部注册资格的处罚决定,http://www.thecfa.cn/cftz/20180711/24024.html
127,,,,关于对中国国家男子足球队球员王燊超违规违纪的处罚决定,http://www.thecfa.cn/cftz/20180612/23148.html
128,足纪字[2018]064号,,,关于对广州富力足球俱乐部队俱乐部官员斯托伊科维奇违规违纪的处罚决定,http://www.thecfa.cn/cftz/20180524/23055.html
129,足纪字[2018]063号,,,关于对贵州恒丰足球俱乐部队俱乐部官员南多违规违纪的处罚决定,http://www.thecfa.cn/cftz/20180524/23054.html
130,足纪字[2018]062号,,,关于对北京人和足球俱乐部队球员奥古斯托违规违纪的处罚决定,http://www.thecfa.cn/cftz/20180524/23053.html
131,足纪字[2018]061号,,,关于对贵州恒丰足球俱乐部u19队违规违纪的处罚决定,http://www.thecfa.cn/cftz/20180524/23052.html
132,足纪字[2018]060号,,,关于对江苏苏宁足球俱乐部苏宁易购u19队违规违纪的处罚决定,http://www.thecfa.cn/cftz/20180524/23051.html
133,足纪字[2018]059号,,,关于对江苏苏宁足球俱乐部苏宁易购u19队球员姚春阳违规违纪的处罚决定,http://www.thecfa.cn/cftz/20180524/23050.html
134,足纪字[2018]058号,,,关于对青岛黄海足球俱乐部队俱乐部官员于红毅违规违纪的处罚决定,http://www.thecfa.cn/cftz/20180516/23049.html
135,足纪字[2018]057号,,,关于对青岛黄海赛区（青岛黄海足球俱乐部队）违规违纪的处罚决定,http://www.thecfa.cn/cftz/20180516/23048.html
136,足纪字[2018]056号,,,关于对青岛黄海足球俱乐部队违规违纪的处罚决定,http://www.thecfa.cn/cftz/20180516/23047.html
137,足纪字[2018]055号,,,关于对重庆当代力帆足球俱乐部斯威u19队球员蔡松烨违规违纪的处罚决定,http://www.thecfa.cn/cftz/20180516/23046.html
138,足纪字[2018]054号,,,关于对重庆当代力帆足球俱乐部斯威队官员保罗·本托违规违纪的处罚决定,http://www.thecfa.cn/cftz/20180516/23045.html
139,足纪字[2018]053号,,,关于对梅州市梅县区铁汉足球俱乐部铁汉生态队球员穆里奇违规违纪的处罚决定,http://www.thecfa.cn/cftz/20180516/23044.html
140,足纪字[2018]052号,,,关于对青岛黄海足球俱乐部队球员王飞违规违纪的处罚决定,http://www.thecfa.cn/cftz/20180516/23043.html
141,足纪字[2018]051号,,,关于对浙江绿城足球俱乐部队球员迪诺违规违纪的处罚决定,http://www.thecfa.cn/cftz/20180516/23042.html
142,足纪字[2018]050号,,,关于对青岛黄海足球俱乐部队球员王栋违规违纪的处罚决定,http://www.thecfa.cn/cftz/20180516/23041.html
143,足纪字[2018]049号,,,关于对延边富德足球俱乐部队球员蔡清锡违规违纪的处罚决定,http://www.thecfa.cn/cftz/20180515/23028.html
144,足纪字[2018]048号,,,关于对延边富德足球俱乐部队官员李迪违规违纪的处罚决定,http://www.thecfa.cn/cftz/20180511/23000.html
145,足纪字[2018]047号,,,关于对上海上港集团足球俱乐部队球员傅欢违规违纪的处罚决定,http://www.thecfa.cn/cftz/20180511/22999.html
146,足纪字[2018]046号,,,关于对天津泰达足球俱乐部队球员乔纳森违规违纪的处罚决定,http://www.thecfa.cn/cftz/20180504/22992.html
147,足纪字[2018]045号,,,关于对天津泰达足球俱乐部队球员黄永志违规违纪的处罚决定,http://www.thecfa.cn/cftz/20180504/22991.html
148,足纪字[2018]044号,,,关于对内蒙古盛乐蒙羊足球俱乐部队官员Cederique违规违纪的处罚决定,http://www.thecfa.cn/cftz/20180504/22990.html
149,足纪字[2018]043号,,,关于对武汉卓尔职业足球俱乐部队官员任忠新违规违纪的处罚决定,http://www.thecfa.cn/cftz/20180504/22989.html
150,足纪字[2018]042号,,,关于对上海绿地申花足球俱乐部队违规违纪的处罚决定,http://www.thecfa.cn/cftz/20180427/22970.html
151,足纪字[2018]041号,,,关于对大连博阳足球俱乐部千兆队球员韩学庚违规违纪的处罚决定,http://www.thecfa.cn/cftz/20180427/22969.html
152,足纪字[2018]040号,,,关于对辽宁足球俱乐部沈阳宏运队球员倪玉崧违规违纪的处罚决定,http://www.thecfa.cn/cftz/20180427/22968.html
153,足纪字[2018]039号,,,关于对新疆足球协会-U17-足球队违规违纪的处罚决定,http://www.thecfa.cn/cftz/20180427/22967.html
154,足纪字[2018]038号,,,关于对新疆足球协会-U17-足球队球员帕依组拉、伊力扎特、阿布力克木、伊卜拉伊木、官员排合尔丁违规违纪的处罚决定,http://www.thecfa.cn/cftz/20180427/22966.html
155,足纪字[2018]037号,,,关于对上海绿地申花足球俱乐部队违规违纪的处罚决定,http://www.thecfa.cn/cftz/20180427/22965.html
156,足纪字[2018]036号,,,关于对上海绿地申花足球俱乐部队球员宋润潼、陈申吉违规违纪的处罚决定,http://www.thecfa.cn/cftz/20180427/22964.html
157,足纪字[2018]035号,,,关于对大连超越足球俱乐部队官员邹鹏违规违纪的处罚决定,http://www.thecfa.cn/cftz/20180427/22963.html
158,,,,关于在中国足协管辖范围内的正式比赛中执行浙足字〔2018〕18号文件的处理决定,http://www.thecfa.cn/cftz/20180419/22951.html
159,足纪字[2018]033号,,,关于对河北保定赛区（保定英利易通俱乐部容大队主场）违规违纪的处罚决定,http://www.thecfa.cn/cftz/20180419/22950.html
160,足纪字[2018]032号,,,关于对北京控股足球俱乐部队官员程晓鹏违规违纪的处罚决定,http://www.thecfa.cn/cftz/20180419/22949.html
161,足纪字[2018]031号,,,关于对延边富德足球俱乐部队球员古兹米奇违规违纪的处罚决定,http://www.thecfa.cn/cftz/20180419/22948.html
162,足纪字[2018]030号,,,关于对青岛赛区（青岛黄海足球俱乐部队主场）违规违纪的处罚决定,http://www.thecfa.cn/cftz/20180412/22929.html
163,足纪字[2018]029号,,,关于对青岛黄海足球俱乐部队违规违纪的处罚决定,http://www.thecfa.cn/cftz/20180412/22928.html
164,足纪字[2018]028号,,,关于对辽宁足球俱乐部沈阳宏运队违规违纪的处罚决定,http://www.thecfa.cn/cftz/20180412/22927.html
165,足纪字[2018]027号,,,关于对辽宁足球俱乐部沈阳宏运队球员冯伯元违规违纪的处罚决定,http://www.thecfa.cn/cftz/20180412/22926.html
166,足纪字[2018]026号,,,关于对辽宁足球俱乐部沈阳宏运队官员袁哲违规违纪的处罚决定,http://www.thecfa.cn/cftz/20180412/22925.html
167,足纪字[2018]025号,,,关于对广州恒大淘宝足球俱乐部队球员司徒华龙、王军辉违规违纪的处罚决定,http://www.thecfa.cn/cftz/20180412/22924.html
168,足纪字[2018]024号,,,关于对长春亚泰足球俱乐部队官员刘建勋违规违纪的处罚决定,http://www.thecfa.cn/cftz/20180412/22923.html
169,足纪字[2018]023号,,,关于对上海绿地申花足球俱乐部队违规违纪的处罚决定 ,http://www.thecfa.cn/cftz/20180412/22922.html
170,足纪字[2018]022号,,,关于对内蒙古中优足球俱乐部呼和浩特足球队违规违纪的处罚决定,http://www.thecfa.cn/cftz/20180410/22921.html
171,足纪字[2018]021号,,,关于对延边富德足球俱乐部队违规违纪的处罚决定,http://www.thecfa.cn/cftz/20180410/22920.html
172,足纪字[2018]020号,,,关于对贵州恒丰足球俱乐部队违规违纪的处罚决定,http://www.thecfa.cn/cftz/20180410/22919.html
173,足纪字[2018]019号,,,关于对河南建业足球俱乐部队球员靳琪违规违纪的处罚决定,http://www.thecfa.cn/cftz/20180410/22918.html
174,足纪字[2018]018号,,,关于对广州恒大淘宝足球俱乐部队球员阿兰违规违纪的处罚决定,http://www.thecfa.cn/cftz/20180410/22917.html
175,足纪字[2018]017号,,,关于对湖南益阳赛区违规违纪的处罚决定,http://www.thecfa.cn/cftz/20180402/22834.html
176,足纪字[2018]016号,,,关于对淄博星期天足球俱乐部队官员钱鼎违规违纪的处罚决定,http://www.thecfa.cn/cftz/20180402/22833.html
177,足纪字[2018]015号,,,关于对青岛辰希足球俱乐部队球员李琨违规违纪的处罚决定,http://www.thecfa.cn/cftz/20180326/22832.html
178,足纪字[2018]014号,,,关于对深圳南岭铁狼足球俱乐部队官员乔尼弗违规违纪的处罚决定,http://www.thecfa.cn/cftz/20180326/22831.html
179,足纪字[2018]013号,,,关于对大连统顺足球俱乐部队违规违纪的处罚决定,http://www.thecfa.cn/cftz/20180326/22830.html
180,足纪字[2018]012号,,,关于对大连统顺足球俱乐部队球员刘鑫违规违纪的处罚决定,http://www.thecfa.cn/cftz/20180326/22829.html
181,足纪字[2018]011号,,,关于对大连统顺足球俱乐部队球员刘兴勇违规违纪的处罚决定,http://www.thecfa.cn/cftz/20180326/22828.html
182,足纪字[2018]010号,,,关于对大连统顺足球俱乐部队官员王魁违规违纪的处罚决定,http://www.thecfa.cn/cftz/20180326/22827.html
183,足纪字[2018]009号,,,关于对辽宁足球俱乐部沈阳宏运队球员王皓违规违纪的处罚决定,http://www.thecfa.cn/cftz/20180326/22826.html
184,足纪字[2018]008号,,,关于对天津权健足球俱乐部队球员晏紫豪违规违纪的处罚决定,http://www.thecfa.cn/cftz/20180326/22825.html
185,足纪字[2018]007号,,,关于对天津泰达足球俱乐部队官员施蒂利克违规违纪的处罚决定,http://www.thecfa.cn/cftz/20180326/22824.html
186,足纪字[2018]006号,,,关于对安徽合肥桂冠足球俱乐部球员刘博违规违纪的处罚决定,http://www.thecfa.cn/cftz/20180213/22723.html
187,足纪字[2018]001号,,,关于对天津权健足球俱乐部球员张修维违规违纪的处罚决定,http://www.thecfa.cn/cftz/20180130/22690.html
188,足纪字[2018]002号,,,关于对大连瑞恒足球俱乐部队球员广超违规违纪的处罚决定,http://www.thecfa.cn/cftz/20180130/22689.html
189,足纪字[2018]003号,,,关于对大连瑞恒足球俱乐部队官员梁瑞夫违规违纪的处罚决定,http://www.thecfa.cn/cftz/20180130/22688.html
190,足纪字[2018]004号,,,关于对重庆劲浪足球俱乐部队球员李明星违规违纪的处罚决定,http://www.thecfa.cn/cftz/20180130/22687.html
191,足纪字[2018]005号,,,关于对杭州吴越钱唐足球俱乐部队官员黄旭违规违纪的处罚决定,http://www.thecfa.cn/cftz/20180130/22686.html
192,,,,关于终止《关于暂停张修维参加中国足球协会举办的正式足球活动的通知》效力的决定,http://www.thecfa.cn/cftz/20180130/22685.html
193,足纪字[2017]278号,,,关于对上海赛区（上海上港集团足球俱乐部主场）违规违纪的处罚决定,http://www.thecfa.cn/cftz/20171228/22628.html
194,足纪字[2017]277号,,,关于对南京沙叶足球俱乐部队球员王存违规违纪的处罚决定,http://www.thecfa.cn/cftz/20171208/22517.html
195,足纪字[2017]276号,,,关于对上海绿地申花足球俱乐部队违规违纪的处罚决定,http://www.thecfa.cn/cftz/20171208/22516.html
196,足纪字[2017]275号,,,对青岛天赢足球俱乐部队球员肖扬违规违纪的处罚决定 ,http://www.thecfa.cn/cftz/20171116/22287.html
197,足纪字[2017]274号,,,对河南建业足球俱乐部队球员杜长杰违规违纪的处罚决定 ,http://www.thecfa.cn/cftz/20171116/22286.html
198,足纪字[2017]273号,,,对云南丽江足球俱乐部丽江飞虎队球员宋涛违规违纪的处罚决定 ,http://www.thecfa.cn/cftz/20171116/22285.html
199,足纪字[2017]272号,,,对石家庄永昌足球俱乐部队球员薛琪违规违纪的处罚决定,http://www.thecfa.cn/cftz/20171103/22284.html
200,足纪字[2017]271号,,,对北京中赫国安足球俱乐部队球员李思琦违规违纪的处罚决定,http://www.thecfa.cn/cftz/20171103/22283.html
201,足纪字[2017]270号,,,对江苏苏宁足球俱乐部苏宁易购队球员王夕杰违规违纪的处罚决定,http://www.thecfa.cn/cftz/20171103/22282.html
202,足纪字[2017]269号,,,对辽宁足球俱乐部沈阳开新队球员卜男违规违纪的处罚决定,http://www.thecfa.cn/cftz/20171103/22281.html
203,足纪字[2017]268号,,,对沈阳东进足球俱乐部队球员邢凯违规违纪的处罚决定,http://www.thecfa.cn/cftz/20171103/22280.html
204,足纪字[2017]267号,,,对深圳市足球俱乐部佳兆业足球队球员梁雨违规违纪的处罚决定 ,http://www.thecfa.cn/cftz/20171103/22279.html
205,足纪字[2017]266号,,,对大连超越足球俱乐部队球员唐立真违规违纪的处罚决定,http://www.thecfa.cn/cftz/20171103/22278.html
206,足纪字[2017]265号,,,对石家庄永昌足球俱乐部队球员冯绍顺违规违纪的处罚决定,http://www.thecfa.cn/cftz/20171103/22277.html
207,足纪字[2017]264号,,,对杭州绿城足球俱乐部队球员葛振违规违纪的处罚决定 ,http://www.thecfa.cn/cftz/20171103/22276.html
208,足纪字[2017]263号,,,对深圳市足球俱乐部佳兆业足球队球员徐亮违规违纪的处罚决定 ,http://www.thecfa.cn/cftz/20171103/22275.html
209,足纪字[2017]262号,,,对云南丽江足球俱乐部丽江飞虎队球员金炫训违规违纪的处罚决定 ,http://www.thecfa.cn/cftz/20171103/22274.html
210,足纪字[2017]261号,,,对贵州恒丰智诚足球俱乐部队违规违纪的处罚决定,http://www.thecfa.cn/cftz/20171103/22273.html
211,足纪字[2017]260号,,,关于对江苏苏宁足球俱乐部苏宁易购队违规违纪的处罚决定,http://www.thecfa.cn/cftz/20171103/22272.html
212,足纪字[2017]259号,,,关于对北京中赫国安足球俱乐部队球员张稀哲违规违纪的处罚决定,http://www.thecfa.cn/cftz/20171103/22271.html
213,足纪字[2017]258号,,,关于对梅州市梅县区铁汉足球俱乐部队球员顾文祥违规违纪的处罚决定 ,http://www.thecfa.cn/cftz/20171027/22173.html
214,足纪字[2017]257号,,,关于对天津泰达足球俱乐部亿利队球员王栋违规违纪的处罚决定 ,http://www.thecfa.cn/cftz/20171027/22172.html
215,足纪字[2017]256号,,,关于对河北华夏幸福足球俱乐部队球员宋文杰违规违纪的处罚决定 ,http://www.thecfa.cn/cftz/20171027/22171.html
216,足纪字[2017]255号,,,关于对广州恒大淘宝足球俱乐部队违规违纪的处罚决定,http://www.thecfa.cn/cftz/20171027/22170.html
217,足纪字[2017]254号,,,关于对广州恒大淘宝足球俱乐部队违规违纪的处罚决定 ,http://www.thecfa.cn/cftz/20171027/22169.html
218,足纪字[2017]253号,,,关于对浙江毅腾足球俱乐部队违规违纪的处罚决定 ,http://www.thecfa.cn/cftz/20171027/22168.html
219,足纪字[2017]252号,,,关于对云南丽江赛区（云南丽江足球俱乐部丽江飞虎队主场）违规违纪的处罚决定 ,http://www.thecfa.cn/cftz/20171027/22167.html
220,足纪字[2017]251号,,,关于对齐齐哈尔中建商砼足球俱乐部队违规违纪的处罚决定 ,http://www.thecfa.cn/cftz/20171027/22166.html
221,足纪字[2017]250号,,,关于对合肥桂冠足球俱乐部队违规违纪的处罚决定 ,http://www.thecfa.cn/cftz/20171027/22165.html
222,足纪字[2017]249号,,,关于对合肥桂冠足球俱乐部队球员汪喆违规违纪的处罚决定 ,http://www.thecfa.cn/cftz/20171027/22164.html
223,足纪字[2017]248号,,,关于对合肥桂冠足球俱乐部队球员任凡违规违纪的处罚决定 ,http://www.thecfa.cn/cftz/20171027/22163.html
224,足纪字[2017]247号,,,关于对齐齐哈尔中建商砼足球俱乐部队球员叶辉违规违纪的处罚决定 ,http://www.thecfa.cn/cftz/20171027/22161.html
225,足纪字[2017]246号,,,关于对齐齐哈尔中建商砼足球俱乐部队球员赵禹丞违规违纪的处罚决定,http://www.thecfa.cn/cftz/20171027/22159.html
226,足纪字[2017]245号,,,关于对齐齐哈尔中建商砼足球俱乐部队球员张庆瑞违规违纪的处罚决定,http://www.thecfa.cn/cftz/20171027/22157.html
227,足纪字[2017]244号,,,关于对齐齐哈尔中建商砼足球俱乐部队官员张哲维违规违纪的处罚决定 ,http://www.thecfa.cn/cftz/20171027/22156.html
228,足纪字[2017]243号,,,关于对陕西女子足球队官员刘华娜违规违纪的处罚决定 ,http://www.thecfa.cn/cftz/20171020/22071.html
229,足纪字[2017]242号,,,关于对天津泰达足球俱乐部亿利队球员周其明违规违纪的处罚决定 ,http://www.thecfa.cn/cftz/20171020/22070.html
230,足纪字[2017]241号,,,关于对天津泰达足球俱乐部亿利队球员聂涛违规违纪的处罚决定 ,http://www.thecfa.cn/cftz/20171020/22069.html
231,足纪字[2017]240号,,,关于对长春亚泰足球俱乐部队球员祎凡违规违纪的处罚决定 ,http://www.thecfa.cn/cftz/20171020/22068.html
232,足纪字[2017]239号,,,关于对延边富德足球俱乐部队官员朴泰夏违规违纪的处罚决定 ,http://www.thecfa.cn/cftz/20171020/22067.html
233,足纪字[2017]238号,,,关于对广州恒大淘宝足球俱乐部队官员斯科拉里违规违纪的处罚决定 ,http://www.thecfa.cn/cftz/20171020/22066.html
234,足纪字[2017]237号,,,关于对上海上港集团足球俱乐部队官员佩德罗违规违纪的处罚决定 ,http://www.thecfa.cn/cftz/20171020/22065.html
235,足纪字[2017]236号,,,关于对上海上港集团足球俱乐部队官员威尔违规违纪的处罚决定 ,http://www.thecfa.cn/cftz/20171013/22064.html
236,足纪字[2017235号,,,关于对北京赛区（北京中赫国安足球俱乐部队主场）违规违纪的处罚决定 ,http://www.thecfa.cn/cftz/20171013/22063.html
237,足纪字[2017]234号,,,关于对北京赛区比赛官员王晓刚违规违纪的处罚决定,http://www.thecfa.cn/cftz/20171013/22062.html
238,足纪字[2017]233号,,,关于对贵州恒丰智诚足球俱乐部队官员罗政违规违纪的处罚决定 ,http://www.thecfa.cn/cftz/20171013/22061.html
239,足纪字[2017]232号,,,关于对河南建业足球俱乐部队球员杨成玉违规违纪的处罚决定 ,http://www.thecfa.cn/cftz/20171013/22058.html
240,足纪字[2017]231号,,,关于对广州恒大淘宝足球俱乐部队球员吴笑天违规违纪的处罚决定 ,http://www.thecfa.cn/cftz/20171013/22057.html
241,足纪字[2017]230号,,,关于对肇庆恒泰足球俱乐部队官员杨志恒违规违纪的处罚决定 ,http://www.thecfa.cn/cftz/20171013/22056.html
242,足纪字[2017]229号,,,关于对肇庆恒泰足球俱乐部队球员梁言违规违纪的处罚决定 ,http://www.thecfa.cn/cftz/20171013/22055.html
243,足纪字[2017]228号,,,关于对广州恒大淘宝足球俱乐部队球员金英权违规违纪的处罚决定 ,http://www.thecfa.cn/cftz/20171013/22054.html
244,足纪字[2017]227号,,,关于对上海上港集团足球俱乐部队官员谢晖违规违纪的处罚决定,http://www.thecfa.cn/cftz/20171013/22053.html
245,足纪字[2017]226号,,,关于对浙江毅腾足球俱乐部队球员于涛违规违纪的处罚决定 ,http://www.thecfa.cn/cftz/20171012/22052.html
246,,,,关于对浙江毅腾足球俱乐部队官员王军违规违纪的处罚决定,http://www.thecfa.cn/cftz/20171012/22050.html
247,足纪字[2017]224号,,,关于对天津权健足球俱乐部队球员裴帅违规违纪的处罚决定 ,http://www.thecfa.cn/cftz/20171012/22042.html
248,足纪字[2017]223号,,,关于对北京理工足球俱乐部队球员龚正违规违纪的处罚决定,http://www.thecfa.cn/cftz/20170930/21992.html
249,足纪字[2017]222号,,,关于对青岛中能足球俱乐部球员沙一博违规违纪的处罚决定,http://www.thecfa.cn/cftz/20170930/21991.html
250,足纪字[2017]221号,,,关于对北京中赫国安足球俱乐部球员孙承威违规违纪的处罚决定,http://www.thecfa.cn/cftz/20170930/21990.html
251,足纪字[2017]220号,,,关于对广州恒大淘宝足球俱乐部队球员陈泽鹏违规违纪的处罚决定,http://www.thecfa.cn/cftz/20170930/21989.html
252,足纪字[2017]219号,,,关于对广州恒大淘宝足球俱乐部队违规违纪的处罚决定,http://www.thecfa.cn/cftz/20170930/21988.html
253,足纪字[2017]218号,,,关于对广州恒大淘宝足球俱乐部队球员张琳芃违规违纪的处罚决定,http://www.thecfa.cn/cftz/20170930/21987.html
254,足纪字[2017]217号,,,关于对北京中赫国安足球俱乐部队球员赵和靖违规违纪的处罚决定,http://www.thecfa.cn/cftz/20170930/21986.html
255,足纪字[2017]216号,,,关于对山东鲁能泰山足球俱乐部队官员郝伟违规违纪的处罚决定,http://www.thecfa.cn/cftz/20170930/21985.html
256,足纪字[2017]215号,,,关于对上海上港集团足球俱乐部队官员丹尼尔违规违纪的处罚决定,http://www.thecfa.cn/cftz/20170930/21984.html
257,足纪字[2017]214号,,,关于对上海上港集团足球俱乐部队官员博阿斯违规违纪的处罚决定,http://www.thecfa.cn/cftz/20170930/21983.html
258,足纪字[2017]213号,,,关于对山东鲁能足球俱乐部队违规违纪的处罚决定,http://www.thecfa.cn/cftz/20170922/21982.html
259,足纪字[2017]212号,,,关于对北京中赫国安足球俱乐部球员王巍博违规违纪的处罚决定,http://www.thecfa.cn/cftz/20170922/21981.html
260,足纪字[2017]211号,,,关于对合肥赛区（合肥桂冠足球队主场）违规违纪的处罚决定,http://www.thecfa.cn/cftz/20170922/21980.html
261,足纪字[2017]210号,,,关于对合肥桂冠足球队球员刘博违规违纪的处罚决定,http://www.thecfa.cn/cftz/20170922/21979.html
262,足纪字[2017]209号,,,关于对青海赛区（青海庄伯足球队主场）违规违纪的处罚决定,http://www.thecfa.cn/cftz/20170922/21978.html
263,足纪字[2017]208号,,,关于对青岛康太源足球队官员徐尚违规违纪的处罚决定,http://www.thecfa.cn/cftz/20170922/21977.html
264,足纪字[2017]207号,,,关于对青岛康太源足球队官员刘瑶违规违纪的处罚决定,http://www.thecfa.cn/cftz/20170922/21976.html
265,足纪字[2017]206号,,,关于对青岛康太源足球队官员蓝立宁违规违纪的处罚决定,http://www.thecfa.cn/cftz/20170922/21975.html
266,足纪字[2017]205号,,,关于对沈阳东进足球俱乐部队球员米扎尔·阿力木违规违纪的处罚决定,http://www.thecfa.cn/cftz/20170922/21974.html
267,足纪字[2017]204号,,,关于对广州恒大淘宝足球俱乐部队违规违纪的处罚决定,http://www.thecfa.cn/cftz/20170922/21973.html
268,足纪字[2017]203号,,,关于对河南建业足球俱乐部队球员杨阔违规违纪的处罚决定,http://www.thecfa.cn/cftz/20170922/21972.html
269,足纪字[2017]202号,,,关于对深圳市足球俱乐部佳兆业足球队球员罗西违规违纪的处罚决定,http://www.thecfa.cn/cftz/20170915/21868.html
270,足纪字[2017]201号,,,关于对上海申鑫足球俱乐部队球员夏宁宁违规违纪的处罚决定,http://www.thecfa.cn/cftz/20170915/21867.html
271,足纪字[2017]200号,,,关于对新疆天山雪豹足球俱乐部新疆体彩队官员严明超违规违纪的处罚决定,http://www.thecfa.cn/cftz/20170915/21866.html
272,,,,关于对大连一方足球俱乐部队官员柳忠长违规违纪的处罚决定,http://www.thecfa.cn/cftz/20170915/21865.html
273,足纪字[2017]198号,,,关于对石家庄永昌足球俱乐部队球员矫喆违规违纪的处罚决定,http://www.thecfa.cn/cftz/20170915/21864.html
274,足纪字[2017]197号,,,关于对深圳市足球俱乐部佳兆业足球队球员乔巍违规违纪的处罚决定,http://www.thecfa.cn/cftz/20170915/21863.html
275,足纪字[2017]196号,,,关于对浙江毅腾足球俱乐部队球员奥古斯托违规违纪的处罚决定,http://www.thecfa.cn/cftz/20170915/21862.html
276,,,,关于暂停张修维参加中国足球协会举办的正式足球活动的通知,http://www.thecfa.cn/cftz/20170914/21861.html
277,足纪字[2017]195号,,,关于对辽宁足球俱乐部球员何亚奇违规违纪的处罚决定,http://www.thecfa.cn/cftz/20170911/21860.html
278,足纪字[2017]194号,,,关于对大连赛区（大连一方足球俱乐部队主场）违规违纪的处罚决定,http://www.thecfa.cn/cftz/20170911/21859.html
279,足纪字[2017]193号,,,关于对河北石家庄赛区（石家庄永昌足球俱乐部队主场）违规违纪的处罚决定,http://www.thecfa.cn/cftz/20170911/21858.html
280,足纪字[2017]192号,,,关于对大连一方足球俱乐部队球员孙铂违规违纪的处罚决定,http://www.thecfa.cn/cftz/20170911/21857.html
281,足纪字[2017]191号,,,关于对浙江毅腾足球俱乐部队球员刘越违规违纪的处罚决定,http://www.thecfa.cn/cftz/20170911/21856.html
282,足纪字[2017]190号,,,关于对杭州绿城足球俱乐部队球员王瑒违规违纪的处罚决定,http://www.thecfa.cn/cftz/20170911/21855.html
283,足纪字[2017]189号,,,关于对武汉卓尔职业足球俱乐部队球员埃弗拉违规违纪的处罚决定,http://www.thecfa.cn/cftz/20170901/21854.html
284,足纪字[2017]188号,,,关于对上海上港集团足球俱乐部队球员艾哈迈多夫违规违纪的处罚决定,http://www.thecfa.cn/cftz/20170901/21853.html
285,足纪字[2017]187号,,,关于对石家庄永昌足球俱乐部队球员高增翔违规违纪的处罚决定,http://www.thecfa.cn/cftz/20170901/21852.html
286,足纪字[2017]186号,,,关于对天津彬泰顺足球俱乐部队官员张一违规违纪的处罚决定,http://www.thecfa.cn/cftz/20170901/21851.html
287,足纪字[2017]184号,,,关于对青岛黄海足球俱乐部队官员高鲲违规违纪的处罚决定,http://www.thecfa.cn/cftz/20170901/21850.html
288,足纪字[2017]185号,,,关于对沈阳西成足球俱乐部队球员王明宇违规违纪的处罚决定,http://www.thecfa.cn/cftz/20170901/21849.html
289,足纪字[2017]183号,,,关于对武汉卓尔职业足球俱乐部队官员阮行违规违纪的处罚决定,http://www.thecfa.cn/cftz/20170901/21848.html
290,足纪字[2017]182号,,,关于对青岛红狮足球俱乐部队球员孙明卿违规违纪的处罚决定,http://www.thecfa.cn/cftz/20170825/21847.html
291,足纪字[2017]180号,,,关于对内蒙古包头南郊足球俱乐部违规违纪的处罚决定,http://www.thecfa.cn/cftz/20170825/21846.html
292,足纪字[2017]181号,,,关于对青岛红狮足球俱乐部队球员赖亚轮违规违纪的处罚决定,http://www.thecfa.cn/cftz/20170825/21845.html
293,足纪字[2017]179号,,,关于对内蒙古包头赛区（内蒙古包头南郊足球俱乐部包头鹿城草上飞队主场）违规违纪的处罚决定,http://www.thecfa.cn/cftz/20170825/21844.html
294,足纪字[2017]178号,,,关于对银川贺兰山足球俱乐部宁夏山屿海队球员吴禹寅违规违纪的处罚决定,http://www.thecfa.cn/cftz/20170825/21843.html
295,足纪字[2017]176号,,,关于对保定英利易通足球俱乐部容大队官员尚青违规违纪的处罚决定,http://www.thecfa.cn/cftz/20170825/21842.html
296,足纪字[2017]177号,,,关于对上海申鑫足球俱乐部队官员邹忠伟违规违纪的处罚决定,http://www.thecfa.cn/cftz/20170825/21841.html
297,足纪字[2017]175号,,,关于对北京中赫国安足球俱乐部队违规违纪的处罚决定,http://www.thecfa.cn/cftz/20170825/21840.html
298,足纪字[2017]173号,,,关于对天津权健足球俱乐部队球员赵旭日违规违纪的处罚决定,http://www.thecfa.cn/cftz/20170825/21839.html
299,足纪字[2017]174号,,,关于对河北秦皇岛赛区（河北华夏幸福足球俱乐部队主场）违规违纪的处罚决定,http://www.thecfa.cn/cftz/20170825/21838.html
300,足纪字[2017]095号,,,关于对上海上港集团足球俱乐部队违规违纪的处罚决定,http://www.thecfa.cn/cftz/20170622/18983.html
301,足纪字[2017]094号,,,关于对北京人和足球俱乐部队球员饶伟辉违规违纪的处罚决定,http://www.thecfa.cn/cftz/20170616/18982.html
302,足纪字[2017]093号,,,关于对深圳市足球俱乐部佳兆业足球队球员乔巍违规违纪的处罚决定,http://www.thecfa.cn/cftz/20170616/18981.html
303,足纪字[2017]092号,,,关于对内蒙古中优足球俱乐部呼和浩特足球队球员张天翔违规违纪的处罚决定,http://www.thecfa.cn/cftz/20170616/18980.html
304,足纪字[2017]091号,,,关于对武汉卓尔职业足球俱乐部队球员宋志伟违规违纪的处罚决定,http://www.thecfa.cn/cftz/20170616/18979.html
305,足纪字[2017]090号,,,关于对重庆当代力帆足球俱乐部队球员尤里违规违纪的处罚决定,http://www.thecfa.cn/cftz/20170608/18978.html
306,足纪字[2017]089号,,,关于对广州富力足球俱乐部队球员向柏旭违规违纪的处罚决定,http://www.thecfa.cn/cftz/20170608/18977.html
307,足纪字[2017]088号,,,关于对河南建业足球俱乐部队球员靳琪违规违纪的处罚决定,http://www.thecfa.cn/cftz/20170608/18976.html
308,足纪字[2017]087号,,,关于对天津泰达足球俱乐部亿利队球员高嘉润违规违纪的处罚决定,http://www.thecfa.cn/cftz/20170608/18975.html
309,足纪字[2017]086号,,,关于对广东梅州客家足球俱乐部队官员亚历山大违规违纪的处罚决定,http://www.thecfa.cn/cftz/20170608/18974.html
310,,,,关于对贵州恒丰智诚足球俱乐部队球员苏渤洋违规违纪的处罚决定,http://www.thecfa.cn/cftz/20170608/18973.html
311,足纪字[2017]084号,,,关于对长春亚泰足球俱乐部队球员王金良违规违纪的处罚决定,http://www.thecfa.cn/cftz/20170602/18972.html
312,足纪字[2017]083号,,,关于对球员韩天麟违规违纪的处罚决定,http://www.thecfa.cn/cftz/20170526/7507.html
313,足纪字[2017]082号,,,关于对天津泰达足球俱乐部亿利队球员聊博超违规违纪的处罚决定,http://www.thecfa.cn/cftz/20170526/7506.html
314,足纪字[2017]081号,,,关于对上海绿地申花足球俱乐部队球员张璐违规违纪的处罚决定,http://www.thecfa.cn/cftz/20170526/7509.html
315,足纪字[2017]080号,,,关于对江苏苏宁足球俱乐部苏宁易购队球员马丁内斯违规违纪的处罚决定,http://www.thecfa.cn/cftz/20170526/7508.html
316,足纪字[2017]079号,,,关于对广州赛区（广州恒大淘宝足球俱乐部队主场）违规违纪的处罚决定,http://www.thecfa.cn/cftz/20170526/7510.html
317,足纪字[2017]078号,,,关于对广州恒大淘宝足球俱乐部队球员张琳芃违规违纪的处罚决定,http://www.thecfa.cn/cftz/20170526/7511.html
318,足纪字[2017]077号,,,关于对上海绿地申花足球俱乐部队球员李建滨违规违纪的处罚决定,http://www.thecfa.cn/cftz/20170526/7512.html
319,足纪字[2017]076号,,,关于对河南建业足球俱乐部队违规违纪的处罚决定,http://www.thecfa.cn/cftz/20170526/7513.html
320,足纪字[2017]075号,,,关于对青岛中能足球俱乐部球员全龙海违规违纪的处罚决定,http://www.thecfa.cn/cftz/20170519/7514.html
321,足纪字[2017]074号,,,关于对大连权健足球俱乐部球员马博违规违纪的处罚决定,http://www.thecfa.cn/cftz/20170519/7515.html
322,足纪字[2017]073号,,,关于对天津泰达足球俱乐部亿利队球员聂涛违规违纪的处罚决定,http://www.thecfa.cn/cftz/20170519/7517.html
323,足纪字[2016]072号,,,关于对重庆当代力帆足球俱乐部违规违纪的处罚决定,http://www.thecfa.cn/cftz/20170519/7516.html
324,足纪字[2016]071号,,,关于对天津权健足球俱乐部队违规违纪的处罚决定,http://www.thecfa.cn/cftz/20170519/7518.html
325,足纪字[2017]070号,,,关于对上海上港集团足球俱乐部队官员马里奥违规违纪的处罚决定,http://www.thecfa.cn/cftz/20170519/7519.html
326,足纪字[2017]069号,,,关于对青岛黄海足球俱乐部队官员乔迪违规违纪的处罚决定,http://www.thecfa.cn/cftz/20170512/7520.html
327,足纪字[2017]068号,,,关于对青岛黄海足球俱乐部队球员张振违规违纪的处罚决定,http://www.thecfa.cn/cftz/20170512/7521.html
328,足纪字[2017]067号,,,关于对深圳市足球俱乐部佳兆业足球队球员王大龙违规违纪的处罚决定,http://www.thecfa.cn/cftz/20170512/7523.html
329,足纪字[2017]066号,,,关于对浙江毅腾足球俱乐部队违规违纪的处罚决定,http://www.thecfa.cn/cftz/20170512/7522.html
330,足纪字[2017]065号,,,关于对内蒙古中优足球俱乐部呼和浩特足球队违规违纪的处罚决定,http://www.thecfa.cn/cftz/20170512/7524.html
331,足纪字[2016]064号,,,关于对广州恒大淘宝足球俱乐部队违规违纪的处罚决定,http://www.thecfa.cn/cftz/20170512/7525.html
332,足纪字[2017]063号,,,关于对长春亚泰足球俱乐部队官员陈金刚违规违纪的处罚决定,http://www.thecfa.cn/cftz/20170512/7527.html
333,足纪字[2017]062号,,,关于对江苏苏宁足球俱乐部苏宁易购队球员杨博宇违规违纪的处罚决定,http://www.thecfa.cn/cftz/20170512/7526.html
334,足纪字[2017]061号,,,关于对江苏苏州赛区（苏州东吴足球俱乐部队主场）违规违纪的处罚决定,http://www.thecfa.cn/cftz/20170512/7528.html
335,足纪字[2017]060号,,,关于对天津泰达足球俱乐部亿利队球员邱添一违规违纪的处罚决定,http://www.thecfa.cn/cftz/20170512/7529.html
336,足纪字[2017]059号,,,关于对大连一方足球俱乐部队球员朱挺违规违纪的处罚决定,http://www.thecfa.cn/cftz/20170506/7530.html
337,足纪字[2017]058号,,,关于对贵州恒丰智诚足球俱乐部队球员蒋亮违规违纪的处罚决定,http://www.thecfa.cn/cftz/20170506/7532.html
338,足纪字[2017]057号,,,关于对北京人和足球俱乐部队球员张宇峰违规违纪的处罚决定,http://www.thecfa.cn/cftz/20170506/7531.html
339,足纪字[2017]056号,,,关于对河南建业足球俱乐部队官员尚芃违规违纪的处罚决定,http://www.thecfa.cn/cftz/20170506/7533.html
340,足纪字[2017]055号,,,关于对河南建业足球俱乐部队官员贾秀全违规违纪的处罚决定,http://www.thecfa.cn/cftz/20170506/7534.html
341,足纪字[2017]054号,,,关于对天津泰达足球俱乐部亿利队球员迪亚涅违规违纪的处罚决定,http://www.thecfa.cn/cftz/20170506/7535.html
342,足纪字[2017]053号,,,关于对新疆天山雪豹足球俱乐部新疆体彩队官员孙庆凯违规违纪的处罚决定,http://www.thecfa.cn/cftz/20170506/7536.html
343,足纪字[2017]052号,,,关于对呼和浩特赛区（内蒙古中优足球俱乐部呼和浩特足球队主场）违规违纪的处罚决定,http://www.thecfa.cn/cftz/20170506/7537.html
344,足纪字[2017]051号,,,关于对重庆赛区（重庆当代力帆足球俱乐部队主场）违规违纪的处罚决定,http://www.thecfa.cn/cftz/20170506/7538.html
345,足纪字[2017]050号,,,关于对呼和浩特赛区（内蒙古中优足球俱乐部呼和浩特足球队主场）违规违纪的处罚决定,http://www.thecfa.cn/cftz/20170506/7539.html
346,足纪字[2017]049号,,,关于对广州恒大淘宝足球俱乐部队官员王书成违规违纪的处罚决定,http://www.thecfa.cn/cftz/20170427/7540.html
347,足纪字[2017]048号,,,关于对江西联盛足球俱乐部队球员耿志庆违规违纪的处罚决定,http://www.thecfa.cn/cftz/20170427/7541.html
348,足纪字[2016]047号,,,关于对武汉卓尔职业足球俱乐部队违规违纪的处罚决定,http://www.thecfa.cn/cftz/20170427/7542.html
349,足纪字[2017]046号,,,关于对河北精英足球俱乐部队官员陈勇违规违纪的处罚决定,http://www.thecfa.cn/cftz/20170427/7543.html
350,足纪字[2017]045号,,,关于对球员纪超违规违纪的处罚决定,http://www.thecfa.cn/cftz/20170427/7544.html
351,足纪字[2017]043号,,,关于对浙江毅腾足球俱乐部队官员王军违规违纪的处罚决定,http://www.thecfa.cn/cftz/20170421/7545.html
352,足纪字[2017]044号,,,关于对保定英利易通足球俱乐部容大队官员王炜违规违纪的处罚决定,http://www.thecfa.cn/cftz/20170421/7546.html
353,足纪字[2017]042号,,,关于对青岛黄海足球俱乐部队球员赵石违规违纪的处罚决定,http://www.thecfa.cn/cftz/20170414/7548.html
354,足纪字[2017]041号,,,关于对江苏苏宁足球俱乐部队苏宁易购队球员刘伟违规违纪的处罚决定,http://www.thecfa.cn/cftz/20170414/7547.html
355,足纪字[2017]040号,,,关于对广州富力足球俱乐部队官员戈达里察维违规违纪的处罚决定,http://www.thecfa.cn/cftz/20170407/7550.html
356,足纪字[2017]039号,,,关于对大连超越足球俱乐部队球员崔宇违规违纪的处罚决定,http://www.thecfa.cn/cftz/20170407/7549.html
357,足纪字[2017]038号,,,关于对保定英利易通足球俱乐部容大队官员尚青违规违纪的处罚决定,http://www.thecfa.cn/cftz/20170407/7551.html
358,足纪字[2017]037号,,,关于对贵州恒丰智诚足球俱乐部队官员李胜违规违纪的处罚决定,http://www.thecfa.cn/cftz/20170407/7552.html
359,足纪字[2017]036号,,,关于对北京人和足球俱乐部球员刘天祺违规违纪的处罚决定,http://www.thecfa.cn/cftz/20170407/7553.html
360,足纪字[2017]035号,,,关于对青岛鲲鹏足球俱乐部先楚国际队球员郑伟违规违纪的处罚决定,http://www.thecfa.cn/cftz/20170324/7554.html
361,足纪字[2017]034号,,,关于对江西联盛足球俱乐部队官员袁海强违规违纪的处罚决定,http://www.thecfa.cn/cftz/20170324/7555.html
362,足纪字[2017]033号,,,关于对杭州安格足球俱乐部队球员王硕违规违纪的处罚决定,http://www.thecfa.cn/cftz/20170324/7556.html
363,足纪字[2017]032号,,,关于对杭州安格足球俱乐部队球员潘业隆违规违纪的处罚决定,http://www.thecfa.cn/cftz/20170324/7557.html
364,足纪字[2017]031号,,,关于对杭州安格足球俱乐部队球员胡俊违规违纪的处罚决定,http://www.thecfa.cn/cftz/20170324/7558.html
365,足纪字[2017]030号,,,关于对深圳市足球俱乐部佳兆业足球队球员梁雨违规违纪的处罚决定,http://www.thecfa.cn/cftz/20170324/7559.html
366,,,,关于对上海绿地申花足球俱乐部通报批评的决定,http://www.thecfa.cn/cftz/20170324/7560.html
367,足纪字[2017]029号,,,关于对上海绿地申花俱乐部队球员孙世林违规违纪的处罚决定,http://www.thecfa.cn/cftz/20170324/7561.html
368,足纪字[2017]028号,,,关于对上海绿地申花俱乐部队球员秦升违规违纪的处罚决定,http://www.thecfa.cn/cftz/20170324/7562.html
369,足纪字[2017]027号,,,关于对广州恒大淘宝俱乐部队官员斯科拉里违规违纪的处罚决定,http://www.thecfa.cn/cftz/20170324/7563.html
370,,,,关于对天津权健足球俱乐部球员基蓝马违规违纪的处罚决定,http://www.thecfa.cn/cftz/20170317/7564.html
371,,,,关于对石家庄永昌足球俱乐部队球员冯绍顺违规违纪的处罚决定,http://www.thecfa.cn/cftz/20170317/7565.html
372,,,,关于对新疆天山雪豹足球俱乐部球员阿卜杜力艾则孜违规违纪的处罚决定,http://www.thecfa.cn/cftz/20170317/7566.html
373,足纪字[2017]023号,,,关于对新疆天山雪豹足球俱乐部球员穆斯塔帕违规违纪的处罚决定,http://www.thecfa.cn/cftz/20170317/7567.html
374,足纪字[2017]018号,,,关于对江苏苏宁足球俱乐部球员特谢拉违规违纪的处罚决定,http://www.thecfa.cn/cftz/20170310/7568.html
375,足纪字[2017]022号,,,关于对深圳市南岭铁狼足球俱乐部球员魏征违规违纪的处罚决定,http://www.thecfa.cn/cftz/20170310/7570.html
376,足纪字[2017]021号,,,关于对天津权健足球俱乐部球员王晓龙违规违纪的处罚决定,http://www.thecfa.cn/cftz/20170310/7569.html
377,足纪字[2017]020号,,,关于对江苏苏宁足球俱乐部球员滕帅违规违纪的处罚决定,http://www.thecfa.cn/cftz/20170310/7572.html
378,足纪字[2017]019号,,,关于对江苏苏宁足球俱乐部教练员陆博飞违规违纪的处罚决定,http://www.thecfa.cn/cftz/20170310/7571.html
379,足纪字[2017]017号,,,关于对广州恒大淘宝足球俱乐部球员郑智违规违纪的处罚决定,http://www.thecfa.cn/cftz/20170310/7574.html
380,足纪字[2017]016号,,,关于对北京中赫国安足球俱乐部球员赵和靖违规违纪的处罚决定,http://www.thecfa.cn/cftz/20170310/7573.html
381,足纪字[2017]015号,,,关于对广州赛区（广州恒大淘宝足球俱乐部队主场）违规违纪的处罚决定,http://www.thecfa.cn/cftz/20170310/7575.html
382,足纪字[2017]014号,,,关于对广州恒大淘宝足球俱乐部官员王长润违规违纪的处罚决定,http://www.thecfa.cn/cftz/20170310/7576.html
383,足纪字[2017]012号,,,关于对内蒙古包头南郊足球俱乐部违规违纪的处罚决定,http://www.thecfa.cn/cftz/20170306/7577.html
384,足纪字[2017]011号,,,关于对长春大众卓越女足俱乐部球员杨凤嫱违规违纪的处罚决定,http://www.thecfa.cn/cftz/20170306/7578.html
385,足纪字[2017]010号,,,关于对杭州启盟清河中学队官员田野违规违纪的处罚决定,http://www.thecfa.cn/cftz/20170306/7579.html
386,足纪字[2017]009号,,,关于对杭州启盟清河中学队官员张永、颜振华违规违纪的处罚决定,http://www.thecfa.cn/cftz/20170306/7580.html
387,足纪字[2017]008号,,,关于对延边富德足球俱乐部球员朱泉违规违纪的处罚决定,http://www.thecfa.cn/cftz/20170302/7581.html
388,足纪字[2017]007号,,,关于对广州恒大淘宝足球俱乐部球员杨鑫违规违纪的处罚决定,http://www.thecfa.cn/cftz/20170120/7582.html
389,足纪字[2017]006号,,,关于对大连一方足球俱乐部球员于振违规违纪的处罚决定,http://www.thecfa.cn/cftz/20170120/7583.html
390,足纪字[2017]005号,,,关于对长春亚泰U18队违规违纪的处罚决定,http://www.thecfa.cn/cftz/20170120/7584.html
391,足纪字[2017]004号,,,关于长春亚泰U18队球员刘津、艾孜买提·提力瓦力迪、麦麦提热伊木·麦麦提艾力违规违纪的处罚决定,http://www.thecfa.cn/cftz/20170120/7585.html
392,足纪字[2017]003号,,,关于对天津权健U18队球员钟宇啸、李嘉伟、曹志、朱新元、崔佳琦违规违纪的处罚决定,http://www.thecfa.cn/cftz/20170120/7586.html
393,,,,关于对天津权健U18队违规违纪的处罚决定,http://www.thecfa.cn/cftz/20170120/7587.html
394,足纪字[2017]001号,,,关于天津权健U18队官员田旭违规违纪的处罚决定,http://www.thecfa.cn/cftz/20170120/7588.html
395,足纪字[2016]195号,,,关于对中国足协业余联赛总决赛合肥桂冠队运动员梁浩违规违纪的处罚决定,http://www.thecfa.cn/cftz/20161214/7589.html
396,足纪字[2016]194号,,,关于对中国足协业余联赛总决赛合肥桂冠队运动员刘博违规违纪的处罚决定,http://www.thecfa.cn/cftz/20161214/7590.html
397,足纪字[2016]193号,,,关于对中国足协业余联赛总决赛合肥桂冠队运动员李洪哲违规违纪的处罚决定,http://www.thecfa.cn/cftz/20161214/7592.html
398,足纪字[2016]192号,,,关于对中国足协业余联赛总决赛深圳屹盛队运动员张天晗违规违纪的处罚决定,http://www.thecfa.cn/cftz/20161214/7591.html
399,足纪字[2016]191号,,,关于对中国足协业余联赛总决赛深圳屹盛队运动员韩伟辰违规违纪的处罚决定,http://www.thecfa.cn/cftz/20161214/7593.html
400,足纪字[2016]190号,,,关于对中国足协业余联赛总决赛深圳屹盛队运动员陈浩源违规违纪的处罚决定,http://www.thecfa.cn/cftz/20161214/7594.html
401,足纪字[2016]189号,,,关于对中国足协业余联赛总决赛深圳屹盛队运动员刘宇违规违纪的处罚决定,http://www.thecfa.cn/cftz/20161214/7595.html
402,足纪字[2016]188号,,,关于对中国足协业余联赛总决赛深圳屹盛队运动员邢序飞违规违纪的处罚决定,http://www.thecfa.cn/cftz/20161214/7596.html
403,足纪字[2016]185号,,,关于对云南鑫悦鑫足球队运动员张睿康违规违纪的处罚决定,http://www.thecfa.cn/cftz/20161202/7597.html
404,足纪字[2016]187号,,,关于对北京控股足球俱乐部运动员靳辉违规违纪的处罚决定,http://www.thecfa.cn/cftz/20161202/7598.html
405,足纪字[2016]186号,,,关于对云南鑫悦鑫足球队官员卢开智违规违纪的处罚决定,http://www.thecfa.cn/cftz/20161202/7599.html
406,足纪字[2016]184号,,,关于对重庆晟新足球俱乐部队运动员王心淦违规违纪的处罚决定,http://www.thecfa.cn/cftz/20161202/7600.html
407,足纪字[2016]183号,,,关于对重庆晟新足球俱乐部队运动员代焱森违规违纪的处罚决定,http://www.thecfa.cn/cftz/20161202/7601.html
408,足纪字[2016]182号,,,关于对重庆晟新足球俱乐部队运动员罗文违规违纪的处罚决定,http://www.thecfa.cn/cftz/20161202/7602.html
409,足纪字[2016]181号,,,关于对青岛市足球协会青岛队违规违纪的处罚决定,http://www.thecfa.cn/cftz/20161202/7603.html
410,足纪字[2016]180号,,,关于对“我爱足球”中国足球民间争霸赛大区赛广东赛区（5人制）小组赛娃娃组青岛队官员牛嵩违规违纪的处罚决定,http://www.thecfa.cn/cftz/20161202/7604.html
411,足纪字[2016]179号,,,关于对山东鲁能泰山俱乐部队运动员王炯违规违纪的处罚决定,http://www.thecfa.cn/cftz/20161107/7605.html
412,足纪字[2016]178号,,,关于对上海国泰君安永柏女子足球队运动员李佳悦违规违纪的处罚决定,http://www.thecfa.cn/cftz/20161107/7606.html
413,足纪字[2016]177号,,,关于对河北石家庄赛区(石家庄永昌俱乐部主场)违规违纪的处罚决定,http://www.thecfa.cn/cftz/20161107/7607.html
414,足纪字[2016]176号,,,关于对延边富德俱乐部队运动员尹昌吉违规违纪的处罚决定,http://www.thecfa.cn/cftz/20161107/7608.html
415,足纪字[2016]175号,,,关于对延边富德俱乐部队运动员朴世豪违规违纪的处罚决定,http://www.thecfa.cn/cftz/20161107/7609.html
416,足纪字[2016]174号,,,关于对石家庄永昌俱乐部队运动员杨一鸣违规违纪的处罚决定,http://www.thecfa.cn/cftz/20161107/7610.html
417,足纪字[2016]173号,,,关于对青岛中能U19队违规违纪的处罚决定,http://www.thecfa.cn/cftz/20161107/7611.html
418,足纪字[2016]172号,,,关于对云南足协U19队违规违纪的处罚决定,http://www.thecfa.cn/cftz/20161107/7612.html
419,足纪字[2016]171号,,,关于对青岛中能U19队马天翼等8名官员、运动员违规违纪的处罚决定,http://www.thecfa.cn/cftz/20161107/7613.html
420,足纪字[2016]170号,,,关于对云南足协U19队金东海等15名官员、运动员违规违纪的处罚决定,http://www.thecfa.cn/cftz/20161107/7614.html
421,足纪字[2016]169号,,,关于对贵阳赛区(贵州恒丰智诚俱乐部队主场)违规违纪的处罚决定,http://www.thecfa.cn/cftz/20161029/7615.html
422,足纪字[2016]168号,,,关于对广州恒大淘宝俱乐部队运动员飞拉提违规违纪的处罚决定,http://www.thecfa.cn/cftz/20161029/7616.html
423,足纪字[2016]167号,,,关于对大连一方俱乐部队运动员曲晓辉违规违纪的处罚决定,http://www.thecfa.cn/cftz/20161029/7617.html
424,足纪字[2016]166号,,,关于对黑龙江田丰油化足球俱乐部队官员田宇浩违规违纪的处罚决定,http://www.thecfa.cn/cftz/20161021/7619.html
425,足纪字[2016]165号,,,关于对贵州恒丰智诚足球俱乐部队运动员范云龙违规违纪的处罚决定,http://www.thecfa.cn/cftz/20161021/7618.html
426,足纪字[2016]164号,,,关于对广州恒大淘宝足球俱乐部队运动员胡扬扬违规违纪的处罚决定,http://www.thecfa.cn/cftz/20161021/7621.html
427,足纪字[2016]163号,,,关于对江苏苏宁足球俱乐部苏宁易购队运动员张善羽违规违纪的处罚决定,http://www.thecfa.cn/cftz/20161021/7620.html
428,足纪字[2016]162号,,,关于对北京人和足球俱乐部运动员李晨违规违纪的处罚决定,http://www.thecfa.cn/cftz/20161021/7622.html
429,足纪字[2016]161号,,,关于对北京人和俱乐部运动员刘天祺违规违纪的处罚决定,http://www.thecfa.cn/cftz/20161021/7624.html
430,足纪字[2016]160号,,,关于对沈阳西成足球俱乐部队违规违纪的处罚决定,http://www.thecfa.cn/cftz/20161021/7623.html
431,足纪字[2016]159号,,,关于对沈阳西成足球俱乐部队运动员戚航违规违纪的处罚决定,http://www.thecfa.cn/cftz/20161021/7626.html
432,足纪字[2016]158号,,,关于对沈阳西成足球俱乐部队运动员段宪坤违规违纪的处罚决定,http://www.thecfa.cn/cftz/20161021/7625.html
433,,,,关于对沈阳西成足球俱乐部队运动员赵寅生违规违纪的处罚决定,http://www.thecfa.cn/cftz/20161021/7627.html
434,足纪字[2016]156号,,,关于对沈阳西成足球俱乐部队运动员穆阳违规违纪的处罚决定,http://www.thecfa.cn/cftz/20161021/7628.html
435,足纪字[2016]155号,,,关于对保定容大队运动员邸佑违规违纪的处罚决定,http://www.thecfa.cn/cftz/20161014/7629.html
436,足纪字[2016]154号,,,关于对江西赛区（江西联盛俱乐部队主场）违规违纪的处罚决定,http://www.thecfa.cn/cftz/20161014/7630.html
437,足纪字[2016]153号,,,关于对天津汇森队运动员蒋琪违规违纪的处罚决定,http://www.thecfa.cn/cftz/20161014/7631.html
438,足纪字[2016]152号,,,关于对上海国泰君安永柏队运动员邱芳芳违规违纪的处罚决定,http://www.thecfa.cn/cftz/20161014/7632.html
439,足纪字[2016]151号,,,关于对上海国泰君安永柏队运动员刘俊违规违纪的处罚决定,http://www.thecfa.cn/cftz/20160930/7633.html
440,足纪字[2016]150号,,,关于对新疆天山雪豹俱乐部体彩队运动员蔡曦违规违纪的处罚决定,http://www.thecfa.cn/cftz/20160930/7634.html
441,足纪字[2016]149号,,,关于对浙江毅腾俱乐部队官员林涛违规违纪的处罚决定,http://www.thecfa.cn/cftz/20160930/7635.html
442,足纪字[2016]148号,,,关于对天津权健俱乐部队运动员基蓝马违规违纪的处罚决定,http://www.thecfa.cn/cftz/20160930/7636.html
443,足纪字[2016]147号,,,关于对江苏赛区(江苏苏宁俱乐部苏宁易购队主场)违规违纪的处罚决定,http://www.thecfa.cn/cftz/20160930/7637.html
444,足纪字[2016]146号,,,关于对保定英利易通俱乐部运动员张健违规违纪的处罚决定,http://www.thecfa.cn/cftz/20160930/7638.html
445,足纪字[2016]145号,,,关于对宁夏赛区违规违纪的处罚决定,http://www.thecfa.cn/cftz/20160923/7639.html
446,足纪字[2016]144号,,,关于对北京人和足球俱乐部队运动员向汉天违规违纪的处罚决定,http://www.thecfa.cn/cftz/20160923/7640.html
447,足纪字[2016]143号,,,关于对贵州恒丰智诚足球俱乐部队运动员刘滕违规违纪的处罚决定.,http://www.thecfa.cn/cftz/20160923/7641.html
448,足纪字[2016]142号,,,关于对贵州恒丰智诚足球俱乐部队运动员刘浩违规违纪的处罚决定,http://www.thecfa.cn/cftz/20160923/7642.html
449,足纪字[2016]141号,,,关于对武汉卓尔职业足球俱乐部队运动员罗毅违规违纪的处罚决定,http://www.thecfa.cn/cftz/20160923/7643.html
450,足纪字[2016]140号,,,关于对梅州客家足球俱乐部队运动员唐德超违规违纪的处罚决定,http://www.thecfa.cn/cftz/20160923/7645.html
451,足纪字[2016]139号,,,关于对新疆天山雪豹足球俱乐部体彩队运动员童晓星违规违纪的处罚决定,http://www.thecfa.cn/cftz/20160923/7644.html
452,足纪字[2016]138号,,,关于对北京人和足球俱乐部队运动员米西莫维奇违规违纪的处罚决定,http://www.thecfa.cn/cftz/20160923/7646.html
453,足纪字[2016]137号,,,关于对贵州赛区违规违纪的处罚决定,http://www.thecfa.cn/cftz/20160923/7647.html
454,足纪字[2016]136号,,,关于对河北华夏幸福足球俱乐部队运动员居吕姆违规违纪的处罚决定,http://www.thecfa.cn/cftz/20160923/7648.html
455,足纪字[2016]135号,,,关于对河北华夏幸福足球俱乐部队违规违纪的处罚决定,http://www.thecfa.cn/cftz/20160923/7649.html
456,足纪字[2016]134号,,,关于对辽宁足球俱乐部沈阳宏运队官员袁哲违规违纪的处罚决定,http://www.thecfa.cn/cftz/20160923/7650.html
457,足纪字[2016]133号,,,关于对辽宁足球俱乐部沈阳宏运队运动员孙世林违规违纪的处罚决定,http://www.thecfa.cn/cftz/20160919/7651.html
458,足纪字[2016]132号,,,关于对江西赛区(江西联盛俱乐部队主场)违规违纪的处罚决定,http://www.thecfa.cn/cftz/20160914/7652.html
459,足纪字[2016]131号,,,关于对武汉卓尔职业俱乐部队运动员姚翰林违规违纪的处罚决定,http://www.thecfa.cn/cftz/20160914/7653.html
460,足纪字[2016]130号,,,关于对北京人和俱乐部队运动员韩鹏违规违纪的处罚决定,http://www.thecfa.cn/cftz/20160914/7654.html
461,足纪字[2016]129号,,,关于对北京人和俱乐部队运动员刘天祺违规违纪的处罚决定,http://www.thecfa.cn/cftz/20160914/7655.html
462,足纪字[2016]128号,,,关于对延边富德俱乐部队运动员尼古拉违规违纪的处罚决定,http://www.thecfa.cn/cftz/20160914/7656.html
463,足纪字[2016]127号,,,关于对上海绿地申花俱乐部队违规违纪的处罚决定,http://www.thecfa.cn/cftz/20160914/7657.html
464,足纪字[2016]126号,,,关于对青岛中能俱乐部队运动员王宗哲违规违纪的处罚决定,http://www.thecfa.cn/cftz/20160909/7658.html
465,足纪字[2016]125号,,,关于对梅州客家俱乐部队运动员李博文违规违纪的处罚决定,http://www.thecfa.cn/cftz/20160909/7659.html
466,足纪字[2016]124号,,,关于对包头市南郊俱乐部运动员热斯江·艾则孜违纪违规的处罚决定,http://www.thecfa.cn/cftz/20160909/7660.html
467,足纪字[2016]123号,,,关于对天津权健俱乐部队运动员赵旭日违规违纪的处罚决定,http://www.thecfa.cn/cftz/20160909/7661.html
468,足纪字[2016]122号,,,关于对青岛中能俱乐部队运动员乌多吉违规违纪的处罚决定,http://www.thecfa.cn/cftz/20160909/7662.html
469,足纪字[2016]121号,,,关于对贵州恒丰智诚足球俱乐部队官员刘鹏违规违纪的处罚决定,http://www.thecfa.cn/cftz/20160909/7663.html
470,足纪字[2016]120号,,,关于对武汉卓尔职业足球俱乐部队运动员奥特森违规违纪的处罚决定,http://www.thecfa.cn/cftz/20160905/7664.html
471,足纪字[2016]119号,,,关于对大连一方足球俱乐部队运动员汪晋贤违规违纪的处罚决定,http://www.thecfa.cn/cftz/20160905/7665.html
472,足纪字[2016]118号,,,关于对北京国安俱乐部国安乐视队运动员张辛昕违规违纪的处罚决定,http://www.thecfa.cn/cftz/20160829/7666.html
473,足纪字[2016]117号,,,关于对河北华夏幸福足球俱乐部运动员热尔维尼奥违规违纪的处罚决定,http://www.thecfa.cn/cftz/20160829/7667.html
474,足纪字[2016]116号,,,关于对武汉卓尔职业足球俱乐部队运动员周燎违规违纪的处罚决定,http://www.thecfa.cn/cftz/20160829/7668.html
475,足纪字[2016]115号,,,关于对运动员毛昊禹违规违纪的处罚决定,http://www.thecfa.cn/cftz/20160829/7669.html
476,足纪字[2016]114号,,,关于对运动员丁博威违规违纪的处罚决定,http://www.thecfa.cn/cftz/20160829/7670.html
477,足纪字[2016]113号,,,关于对运动员郭振泉违规违纪的处罚决定,http://www.thecfa.cn/cftz/20160829/7671.html
478,足纪字[2016]112号,,,关于对辽宁俱乐部沈阳宏运队运动员冯伯元违规违纪的处罚决定,http://www.thecfa.cn/cftz/20160819/7672.html
479,足纪字[2016]111号,,,关于对河北华夏幸福俱乐部队运动员高云飞违规违纪的处罚决定,http://www.thecfa.cn/cftz/20160819/7673.html
480,足纪字[2016]110号,,,关于对石家庄永昌俱乐部队运动员许博违规违纪的处罚决定,http://www.thecfa.cn/cftz/20160819/7674.html
481,足纪字[2016]109号,,,关于对浙江毅腾俱乐部队运动员罗德瑞格违规违纪的处罚决定,http://www.thecfa.cn/cftz/20160812/7675.html
482,足纪字[2016]108号,,,关于对长春农商银行队官员刘友违规违纪的处罚决定,http://www.thecfa.cn/cftz/20160812/7676.html
483,足纪字[2016]107号,,,关于对长春农商银行队违规违纪的处罚决定,http://www.thecfa.cn/cftz/20160812/7677.html
484,足纪字[2016]108号,,,关于对上海上港集团足球俱乐部运动员李圣龙违规违纪的处罚决定,http://www.thecfa.cn/cftz/20160808/7678.html
485,足纪字[2016]107号,,,关于对天津泰达足球俱乐部运动员赵崇冉违规违纪的处罚决定,http://www.thecfa.cn/cftz/20160808/7679.html
486,足纪字[2016]106号,,,关于对杭州绿城足球俱乐部队运动员葛振违规违纪的处罚决定,http://www.thecfa.cn/cftz/20160808/7680.html
487,足纪字[2016]104号,,,关于对青岛队运动员尹德林违规违纪的处罚决定,http://www.thecfa.cn/cftz/20160808/7681.html
488,足纪字[2016]103号,,,关于对青岛队运动员许修齐违规违纪的处罚决定,http://www.thecfa.cn/cftz/20160808/7682.html
489,足纪字[2016]102号,,,关于对青岛队官员刘增敏违规违纪的处罚决定,http://www.thecfa.cn/cftz/20160808/7683.html
490,足纪字[2016]101号,,,关于对青岛队官员徐群违规违纪的处罚决定,http://www.thecfa.cn/cftz/20160808/7684.html
491,足纪字[2016]100号,,,关于对青岛队官员申涛违规违纪的处罚决定,http://www.thecfa.cn/cftz/20160808/7685.html
492,足纪字[2016]099号,,,关于对青岛市足球协会官员金剑违规违纪的处罚决定,http://www.thecfa.cn/cftz/20160808/7686.html
493,足纪字[2016]098号,,,关于对青岛市足球协会违规违纪的处罚决定,http://www.thecfa.cn/cftz/20160808/7687.html
494,足纪字[2016]105号,,,关于对天津权健俱乐部队运动员夏宁宁违规违纪的处罚决定,http://www.thecfa.cn/cftz/20160805/7688.html
495,足纪字[2016]097号,,,关于对浙江毅腾俱乐部队运动员李鑫违规违纪的处罚决定,http://www.thecfa.cn/cftz/20160729/7689.html
496,足纪字[2016]096号,,,关于对新疆天山雪豹俱乐部体彩队运动员宋勰违规违纪的处罚决定,http://www.thecfa.cn/cftz/20160729/7690.html
497,足纪字[2016]095号,,,关于对重庆赛区(重庆力帆俱乐部主场)违规违纪的处罚决定,http://www.thecfa.cn/cftz/20160729/7691.html
498,足纪字[2016]094号,,,关于对湖南赛区（湖南湘涛俱乐部华莱队主场）违规违纪的处罚决定,http://www.thecfa.cn/cftz/20160720/7692.html
499,足纪字[2016]093号,,,关于对辽宁足球俱乐部沈阳宏运队官员王亮违规违纪的处罚决定,http://www.thecfa.cn/cftz/20160720/7693.html
500,足纪字[2016]092号,,,关于对重庆力帆足球俱乐部队官员卢卡斯违规违纪的处罚决定,http://www.thecfa.cn/cftz/20160720/7694.html
501,足纪字[2016]091号,,,关于对上海上港集团足球俱乐部队运动员汪佳捷违规违纪的处罚决定,http://www.thecfa.cn/cftz/20160720/7695.html
502,足纪字[2016]090号,,,关于对上海上港集团足球俱乐部队运动员蔡慧康违规违纪的处罚决定,http://www.thecfa.cn/cftz/20160720/7696.html
503,足纪字[2016]089号,,,关于对江苏苏宁足球俱乐部苏宁易购队违规违纪的处罚决定,http://www.thecfa.cn/cftz/20160720/7697.html
504,足纪字[2016]088号,,,关于对上海申鑫足球俱乐部队官员邹忠伟违规违纪的处罚决定,http://www.thecfa.cn/cftz/20160715/7698.html
505,足纪字[2016]087号,,,关于对上海绿地申花足球俱乐部队官员庞斯违规违纪的处罚决定,http://www.thecfa.cn/cftz/20160715/7699.html
506,足纪字[2016]086号,,,关于对江苏苏宁足球俱乐部苏宁易购队运动员拉米雷斯违规违纪的处罚决定,http://www.thecfa.cn/cftz/20160715/7700.html
507,足纪字[2016]085号,,,关于对河南建业足球俱乐部队运动员张仔儒违规违纪的处罚决定,http://www.thecfa.cn/cftz/20160715/7701.html
508,足纪字[2016]084号,,,关于对河南赛区（河南建业俱乐部队主场）违规违纪的处罚决定,http://www.thecfa.cn/cftz/20160708/7702.html
509,足纪字[2016]083号,,,关于对上海上港集团足球俱乐部队官员科蒂违规违纪的处罚决定,http://www.thecfa.cn/cftz/20160708/7703.html
510,足纪字[2016]082号,,,关于对武汉卓尔职业足球俱乐部队运动员周燎违规违纪的处罚决定,http://www.thecfa.cn/cftz/20160701/7704.html
511,足纪字[2016]081号,,,关于对山东鲁能泰山俱乐部队运动员李微违规违纪的处罚决定,http://www.thecfa.cn/cftz/20160701/7705.html
512,足纪字[2016]080号,,,关于对广州富力足球俱乐部队违规违纪的处罚决定,http://www.thecfa.cn/cftz/20160701/7706.html
513,足纪字[2016]079号,,,关于对湖南赛区（湖南湘涛俱乐部华莱队主场）违规违纪的处罚决定,http://www.thecfa.cn/cftz/20160701/7707.html
514,足纪字[2016]078号,,,关于对浙江毅腾俱乐部队官员林涛违规违纪的处罚决定,http://www.thecfa.cn/cftz/20160701/7708.html
515,足纪字[2016]077号,,,关于对贵州赛区（贵州恒丰智诚足球俱乐部队主场）违规违纪的处罚决定,http://www.thecfa.cn/cftz/20160701/7709.html
516,足纪字[2016]076号,,,关于对贵州恒丰智诚足球俱乐部队官员李胜违规违纪的处罚决定,http://www.thecfa.cn/cftz/20160624/7710.html
517,足纪字[2016]075号,,,关于对大连超越足球俱乐部队运动员国威违规违纪的处罚决定,http://www.thecfa.cn/cftz/20160624/7712.html
518,足纪字[2016]074号,,,关于对河南建业足球俱乐部队官员王首厅违规违纪的处罚决定,http://www.thecfa.cn/cftz/20160624/7711.html
519,足纪字[2016]073号,,,关于对河南建业足球俱乐部队违规违纪的处罚决定,http://www.thecfa.cn/cftz/20160624/7713.html
520,足纪字[2016]072号,,,关于对广州恒大淘宝足球俱乐部队官员常卫魏违规违纪的处罚决定,http://www.thecfa.cn/cftz/20160624/7715.html
521,足纪字[2016]071号,,,关于对天津泰达足球俱乐部泰达亿利队运动员惠家康违规违纪的处罚决定,http://www.thecfa.cn/cftz/20160624/7714.html
522,足纪字[2016]070号,,,关于对杭州绿城足球俱乐部队违规违纪的处罚决定,http://www.thecfa.cn/cftz/20160624/7716.html
523,足纪字[2016]069号,,,关于对广州富力足球俱乐部队官员斯托伊科维奇违规违纪的处罚决定,http://www.thecfa.cn/cftz/20160624/7717.html
524,足纪字[2016]068号,,,关于对浙江毅腾俱乐部队运动员里亚当休斯违规违纪的处罚决定,http://www.thecfa.cn/cftz/20160617/7718.html
525,足纪字[2016]067号,,,关于对上海申鑫俱乐部队运动员姜嘉俊违规违纪的处罚决定,http://www.thecfa.cn/cftz/20160617/7719.html
526,足纪字[2016]066号,,,关于对延边富德足球俱乐部队违规违纪的处罚决定,http://www.thecfa.cn/cftz/20160617/7720.html
527,足纪字[2016]065号,,,关于对上海赛区（上海上港集团俱乐部队主场）违规违纪的处罚决定,http://www.thecfa.cn/cftz/20160617/7721.html
528,足纪字[2016]064号,,,关于对河南赛区（河南建业足球俱乐部队主场）违规违纪的处罚决定,http://www.thecfa.cn/cftz/20160617/7722.html
529,足纪字[2016]063号,,,关于对湖南湘涛俱乐部华莱队运动员孙国梁违规违纪的处罚决定,http://www.thecfa.cn/cftz/20160617/7723.html
530,足纪字[2016]062号,,,关于对青岛黄海足球俱乐部队违规违纪的处罚决定,http://www.thecfa.cn/cftz/20160617/7724.html
531,足纪字[2016]061号,,,关于对青岛中能俱乐部队官员斯坦季奇违规违纪的处罚决定,http://www.thecfa.cn/cftz/20160617/7725.html
532,足纪字[2016]060号,,,关于对上海申鑫足球俱乐部队违规违纪的处罚决定,http://www.thecfa.cn/cftz/20160608/7726.html
533,足纪字[2016]059号,,,关于对河南建业足球俱乐部队运动员牟善韬违规违纪的处罚决定,http://www.thecfa.cn/cftz/20160608/7728.html
534,足纪字[2016]058号,,,关于对上海绿地申花足球俱乐部队运动员徐君违规违纪的处罚决定,http://www.thecfa.cn/cftz/20160608/7727.html
535,足纪字[2016]057号,,,关于对青岛中能足球俱乐部队违规违纪的处罚决定,http://www.thecfa.cn/cftz/20160608/7729.html
536,足纪字[2016]056号,,,关于对石家庄永昌足球俱乐部队违规违纪的处罚决定,http://www.thecfa.cn/cftz/20160608/7730.html
537,足纪字[2016]055号,,,关于对武汉卓尔职业足球俱乐部队违规违纪的处罚决定,http://www.thecfa.cn/cftz/20160527/7732.html
538,足纪字[2016]054号,,,关于对深圳市足球俱乐部佳兆业队违规违纪的处罚决定,http://www.thecfa.cn/cftz/20160527/7731.html
539,足纪字[2016]053号,,,关于对北京控股足球俱乐部北控燕京队运动员尼古拉违规违纪的处罚决定,http://www.thecfa.cn/cftz/20160527/7733.html
540,足纪字[2016]052号,,,关于对保定市英利易通足球俱乐部运动员刘晓东违规违纪的处罚决定,http://www.thecfa.cn/cftz/20160527/7734.html
541,足纪字[2016]051号,,,关于对辽宁足球俱乐部运动员蒋英浩违规违纪的处罚决定,http://www.thecfa.cn/cftz/20160527/7735.html
542,足纪字[2016]050号,,,关于对武汉赛区（足协杯武汉市宏兴柏润足球俱乐部队主场）违规违纪的处罚决定,http://www.thecfa.cn/cftz/20160527/7736.html
543,,,,关于对足协杯武汉赛区通报批评的决定,http://www.thecfa.cn/cftz/20160527/7737.html
544,足纪字[2016]049号,,,关于对武汉市宏兴柏润足球俱乐部张震等22名官员、运动员违规违纪的处罚决定,http://www.thecfa.cn/cftz/20160520/7738.html
545,足纪字[2016]048号,,,关于对武汉市宏兴柏润足球俱乐部违规违纪的处罚决定,http://www.thecfa.cn/cftz/20160520/7739.html
546,足纪字[2016]047号,,,关于对延边富德足球俱乐部队违规违纪的处罚决定,http://www.thecfa.cn/cftz/20160520/7740.html
547,足纪字[2016]046号,,,关于对广州恒大淘宝俱乐部队违规违纪的处罚决定,http://www.thecfa.cn/cftz/20160520/7741.html
548,足纪字[2016]045号,,,关于对河南建业足球俱乐部队违规违纪的处罚决定,http://www.thecfa.cn/cftz/20160520/7742.html
549,足纪字[2016]044号,,,关于对北京赛区(北京国安俱乐部国安乐视队主场)违规违纪的处罚决定,http://www.thecfa.cn/cftz/20160520/7743.html
550,足纪字[2016]043号,,,关于对重庆力帆俱乐部队运动员刘卫东违规违纪的处罚决定,http://www.thecfa.cn/cftz/20160520/7744.html
551,足纪字[2016]042号,,,关于对浙江毅腾俱乐部队运动员里卡多违规违纪的处罚决定,http://www.thecfa.cn/cftz/20160513/7745.html
552,足纪字[2016]041号,,,关于对江苏苏宁俱乐部苏宁易购队官员博尔代亚努违规违纪的处罚决定,http://www.thecfa.cn/cftz/20160513/7746.html
553,足纪字[2016]040号,,,关于对石家庄永昌足球俱乐部队官员波什违规违纪的处罚决定,http://www.thecfa.cn/cftz/20160513/7747.html
554,足纪字[2016]039号,,,关于对武汉卓尔职业俱乐部队运动员罗毅违规违纪的处罚决定,http://www.thecfa.cn/cftz/20160506/7748.html
555,足纪字[2016]038号,,,关于对上海上港足球俱乐部队官员陈旭峰违规违纪的处罚决定,http://www.thecfa.cn/cftz/20160506/7749.html
556,足纪字[2016]037号,,,关于对湖南湘涛俱乐部华莱队违规违纪的处罚决定,http://www.thecfa.cn/cftz/20160506/7750.html
557,足纪字[2016]036号,,,关于对贵州恒丰智诚俱乐部队违规违纪的处罚决定,http://www.thecfa.cn/cftz/20160506/7751.html
558,足纪字[2016]035号,,,关于对新疆天山雪豹俱乐部体彩队运动员南小亨违规违纪的处罚决定,http://www.thecfa.cn/cftz/20160506/7752.html
559,足纪字[2016]034号,,,关于对青岛中能俱乐部队运动员郭亮违规违纪的处罚决定,http://www.thecfa.cn/cftz/20160506/7753.html
560,足纪字[2016]033号,,,关于对青岛黄海俱乐部队运动员高梵违规违纪的处罚决定,http://www.thecfa.cn/cftz/20160506/7754.html
561,足纪字[2016]032号,,,关于对新疆天山雪豹俱乐部体彩队运动员阿卜杜力艾则孜违规违纪的处罚决定,http://www.thecfa.cn/cftz/20160506/7755.html
562,足纪字[2016]031号,,,关于对武汉卓尔职业俱乐部队运动员柯钊违规违纪的处罚决定,http://www.thecfa.cn/cftz/20160506/7756.html
563,足纪字[2016]030号,,,关于对深圳市足球俱乐部佳兆业队官员李广涵违规违纪的处罚决定,http://www.thecfa.cn/cftz/20160506/7757.html
564,足纪字[2016]029号,,,关于对深圳市足球俱乐部佳兆业队运动员费煜违规违纪的处罚决定,http://www.thecfa.cn/cftz/20160506/7758.html
565,足纪字[2016]028号,,,关于对深圳市足球俱乐部佳兆业队违规违纪的处罚决定,http://www.thecfa.cn/cftz/20160506/7759.html
566,足纪字[2016]027号,,,关于对北京国安足球俱乐部乐视队官员黄勇违规违纪的处罚决定,http://www.thecfa.cn/cftz/20160429/7760.html
567,足纪字[2016]026号,,,关于对黑龙江火山鸣泉足球俱乐部运动员杨锋违规违纪的处罚决定,http://www.thecfa.cn/cftz/20160429/7761.html
568,足纪字[2016]025号,,,关于对延边富德U17队运动员杨震违规违纪的处罚决定,http://www.thecfa.cn/cftz/20160429/7762.html
569,足纪字[2016]024号,,,关于对青岛鲲鹏足球俱乐部队运动员马俊违规违纪的处罚决定,http://www.thecfa.cn/cftz/20160429/7763.html
570,足纪字[2016]023号,,,关于对青岛鲲鹏足球俱乐部队运动员刘力男违规违纪的处罚决定,http://www.thecfa.cn/cftz/20160429/7764.html
571,足纪字[2016]022号,,,关于对广州恒大淘宝足球俱乐部队违规违纪的处罚决定,http://www.thecfa.cn/cftz/20160429/7765.html
572,,,,关于停止初晨2016年中国足协比赛监督资格的通知,http://www.thecfa.cn/cftz/20160421/7766.html
573,足纪字[2016]021号,,,关于对足纪字[2016]021号处罚决定的更正说明,http://www.thecfa.cn/cftz/20160419/7767.html
574,足纪字[2016]020号,,,关于对河北石家庄赛区(石家庄永昌足球俱乐部主场)违规违纪的处罚决定,http://www.thecfa.cn/cftz/20160415/7769.html
575,足纪字[2016]019号,,,关于对张粤（大燕网记者）违规违纪的处罚决定,http://www.thecfa.cn/cftz/20160415/7770.html
576,足纪字[2016]018号,,,关于对新疆天山雪豹足球俱乐部体彩队违规违纪的处罚决定,http://www.thecfa.cn/cftz/20160415/7771.html
577,足纪字[2016]017号,,,关于对广州富力足球俱乐部队运动员雷纳迪尼奥违规违纪的处罚决定,http://www.thecfa.cn/cftz/20160414/7772.html
578,足纪字[2016]016号,,,关于对深圳市足球俱乐部佳兆业队运动员赖劲违规违纪的处罚决定,http://www.thecfa.cn/cftz/20160412/7773.html
579,足纪字[2016]015号,,,关于对上海申鑫俱乐部队运动员段杰毅违规违纪的处罚决定,http://www.thecfa.cn/cftz/20160412/7774.html
580,足纪字[2016]014号,,,关于对浙江毅腾俱乐部队官员张旭峰违规违纪的处罚决定,http://www.thecfa.cn/cftz/20160412/7775.html
581,足纪字[2016]013号,,,关于对新疆天山雪豹俱乐部体彩队运动员法季奇违规违纪的处罚决定,http://www.thecfa.cn/cftz/20160412/7776.html
582,足纪字[2016]012号,,,关于对海南博盈海汉俱乐部队运动员成泽成违规违纪的处罚决定,http://www.thecfa.cn/cftz/20160412/7777.html
583,足纪字[2016]011号,,,关于对海南博盈海汉俱乐部队运动员樊群霄违规违纪的处罚决定,http://www.thecfa.cn/cftz/20160412/7778.html
584,足纪字[2016]010号,,,关于对四川省足球协会注册运动员阮君违规违纪的处罚决定,http://www.thecfa.cn/cftz/20160407/7779.html
585,足纪字[2016]009号,,,关于对河北精英俱乐部运动员朱子森违规违纪的处罚决定,http://www.thecfa.cn/cftz/20160331/7780.html
586,足纪字[2016]008号,,,关于对内蒙古中优俱乐部运动员朱子林违规违纪的处罚决定,http://www.thecfa.cn/cftz/20160331/7781.html
587,足纪字[2016]007号,,,关于对上海聚运动俱乐部运动员杜冠阳违规违纪的处罚决定,http://www.thecfa.cn/cftz/20160331/7782.html
588,足纪字[2016]006号,,,关于对上海聚运动俱乐部运动员张竣峰违规违纪的处罚决定,http://www.thecfa.cn/cftz/20160331/7783.html
589,足纪字[2016]005号,,,关于对吴川市体育中心运动员钟品健违规违纪的处罚决定,http://www.thecfa.cn/cftz/20160331/7784.html
590,足纪字[2016]004号,,,关于对辽宁沈阳宏运队违规违纪的处罚决定,http://www.thecfa.cn/cftz/20160311/7785.html
591,足纪字[2016]003号,,,关于对青岛黄海俱乐部运动员韩青松违规违纪的处罚决定,http://www.thecfa.cn/cftz/20160311/7786.html
592,足纪字[2016]002号,,,关于中国足协纪律委员会2015年对个人做出的有关纪律处罚需在2016年比赛中继续执行的通知,http://www.thecfa.cn/cftz/20160301/7787.html
593,,,,关于对北京控股俱乐部教练员董阳违规违纪的处罚决定,http://www.thecfa.cn/cftz/20160223/7788.html
594,足纪字[2015]132号,,,关于对武汉赛区(武汉卓尔主场)违规违纪的处罚决定,http://www.thecfa.cn/cftz/20151112/7789.html
595,足纪字[2015]131号,,,关于对湖南赛区(湖南湘涛主场)违规违纪的处罚决定,http://www.thecfa.cn/cftz/20151112/7790.html
596,足纪字[2015]130号,,,关于对呼和浩特中优队运动员尹路违规违纪的处罚决定,http://www.thecfa.cn/cftz/20151112/7791.html
597,足纪字[2015]129号,,,关于对天津泰达俱乐部泰达权健队违规违纪的处罚通知,http://www.thecfa.cn/cftz/20151112/7792.html
598,足纪字[2015]128号,,,关于对哈尔滨毅腾足球俱乐部违规违纪的处罚决定,http://www.thecfa.cn/cftz/20151112/7793.html
599,足纪字[2015]127号,,,关于对上海绿地申花运动员杨晨违规违纪的处罚决定,http://www.thecfa.cn/cftz/20151030/7794.html
600,足纪字[2015126号,,,关于对上海申鑫运动员张文涛违规违纪的处罚决定,http://www.thecfa.cn/cftz/20151030/7795.html
601,足纪字[2015]125号,,,关于对运动员曹震界违规违纪的处罚决定,http://www.thecfa.cn/cftz/20151030/7796.html
602,足纪字[2015]124号,,,关于对丽江嘉云昊运动员高福荣违规违纪的处罚决定,http://www.thecfa.cn/cftz/20151030/7797.html
603,足纪字[2015]13号,,,关于对武汉卓尔职业俱乐部队违规违纪的处罚决定,http://www.thecfa.cn/cftz/20151030/7798.html
604,足纪字[2015]22号,,,关于对江苏国信舜天俱乐部队违规违纪的处罚决定,http://www.thecfa.cn/cftz/20151030/7799.html
605,足纪字[2015]11号,,,关于对延边赛区(延边长白山主场)违规违纪的处罚决定,http://www.thecfa.cn/cftz/20151030/7800.html
606,足纪字[2015]120号,,,关于对上海上港集团运动员杨博宇违规违纪的处罚决定,http://www.thecfa.cn/cftz/20151020/7801.html
607,足纪字[2015]19号,,,关于对大连赛区(大连超越主场)违规违纪的处罚决定,http://www.thecfa.cn/cftz/20151016/7802.html
608,足纪字[201518号,,,关于对贵州人和官员周纯违规违纪的处罚决定,http://www.thecfa.cn/cftz/20151016/7803.html
609,足纪字[2015]117号,,,关于对贵州人和官员郝海涛违规违纪的处罚决定,http://www.thecfa.cn/cftz/20151016/7804.html
610,足纪字[2015]116号,,,关于对广州恒大淘宝俱乐部队违规违纪的处罚决定,http://www.thecfa.cn/cftz/20151016/7805.html
611,足纪字[2015]115号,,,关于对贵州赛区(贵州人和主场)违规违纪的处罚决定,http://www.thecfa.cn/cftz/20151016/7806.html
612,足纪字[2015]114号,,,关于对天津泰达官员王霄违规违纪的处罚决定,http://www.thecfa.cn/cftz/20151016/7807.html
613,足纪字[2015]13号,,,关于对内蒙古中优运动员李帅违规违纪的处罚决定,http://www.thecfa.cn/cftz/20151016/7808.html
614,足纪字[2015]112号,,,关于对呼和浩特赛区(内蒙古中优主场)违规违纪的处罚决定,http://www.thecfa.cn/cftz/20151016/7809.html
615,,,,关于对丽江赛区(丽江嘉云昊主场)违规违纪的处罚通知,http://www.thecfa.cn/cftz/20151016/7810.html
616,足纪字[2015]105号,,,关于对南京钱宝官员杨杰违规违纪的处罚决定,http://www.thecfa.cn/cftz/20150914/7811.html
617,足纪字[2015]110号,,,关于对北京控股女子足球队运动员王晨违规违纪的处罚决定,http://www.thecfa.cn/cftz/20150911/7812.html
618,足纪字[2015]109号,,,关于对北京控股女子足球队主教练刘英违规违纪的处罚决定,http://www.thecfa.cn/cftz/20150911/7813.html
619,足纪字[2015]108号,,,关于对天津汇森女子足球队运动员邓斯违规违纪的处罚决定,http://www.thecfa.cn/cftz/20150911/7814.html
620,足纪字[2015]107号,,,关于对天津汇森女子足球队运动员陈苗苗违规违纪的处罚决定,http://www.thecfa.cn/cftz/20150911/7815.html
621,足纪字[2015]106号,,,关于对天津汇森女子足球队运动员李香林违规违纪的处罚决定,http://www.thecfa.cn/cftz/20150911/7816.html
622,足纪字[2015]104号,,,关于对辽宁盘锦宏运官员胡宇违规违纪的处罚决定,http://www.thecfa.cn/cftz/20150828/7817.html
623,,,,关于对重庆赛区(重庆力帆主场)违规违纪的处罚决定,http://www.thecfa.cn/cftz/20150828/7818.html
624,足纪字[2015]102号,,,关于对石家庄永昌运动员关震违规违纪的处罚决定,http://www.thecfa.cn/cftz/20150828/7819.html
625,足纪字[2015]101号,,,关于对河南建业官员王相全违规违纪的处罚决定,http://www.thecfa.cn/cftz/20150828/7820.html
626,足纪字[2015]100号,,,关于对青岛海牛官员孙新波违规违纪的处罚决定,http://www.thecfa.cn/cftz/20150828/7821.html
627,足纪字[2015]099号,,,关于对广州赛区(广州恒大淘宝主场)违规违纪的处罚决定,http://www.thecfa.cn/cftz/20150821/7822.html
628,足纪字[2015]098号,,,关于对上海绿地申花运动员登巴巴违规违纪的处罚决定,http://www.thecfa.cn/cftz/20150821/7823.html
629,足纪字[2015]097号,,,关于对石家庄赛区(石家庄永昌主场)违规违纪的处罚决定,http://www.thecfa.cn/cftz/20150821/7824.html
630,足纪字[2015]096号,,,关于对河南建业官员陈文杰违规违纪的处罚决定,http://www.thecfa.cn/cftz/20150821/7825.html
631,足纪字[2015]095号,,,关于对上海申鑫官员黄翌违规违纪的处罚决定,http://www.thecfa.cn/cftz/20150821/7826.html
632,足纪字[2015]094号,,,关于对石家庄永昌运动员郝明违规违纪的处罚决定,http://www.thecfa.cn/cftz/20150821/7827.html
633,足纪字[2015]093号,,,关于对北京国安运动员李提香违规违纪的处罚决定,http://www.thecfa.cn/cftz/20150821/7828.html
634,足纪字[2015]092号,,,关于对广州恒大淘宝运动员梁学铭违规违纪的处罚决定,http://www.thecfa.cn/cftz/20150821/7829.html
635,足纪字[2015]091号,,,关于对江苏国信舜天运动员于腾腾违规违纪的处罚决定,http://www.thecfa.cn/cftz/20150821/7830.html
636,足纪字[2015]090号,,,关于对天津赛区(天津松江主场)违规违纪的处罚决定,http://www.thecfa.cn/cftz/20150821/7831.html
637,足纪字[2015]089号,,,关于对哈尔滨毅腾官员林涛违规违纪的处罚决定,http://www.thecfa.cn/cftz/20150821/7832.html
638,足纪字[2015]088号,,,关于对湖南赛区(湖南湘涛主场)违规违纪的处罚决定,http://www.thecfa.cn/cftz/20150821/7833.html
639,足纪字[2015]087号,,,关于对大连赛区(大连阿尔滨主场)违规违纪的处罚决定,http://www.thecfa.cn/cftz/20150810/7834.html
640,足纪字[2015]086号,,,关于对辽宁盘锦宏运运动员孙世林违规违纪的处罚决定,http://www.thecfa.cn/cftz/20150807/7835.html
641,足纪字[2015]085号,,,关于对贵州赛区(贵州人和主场违规违纪的处罚决定),http://www.thecfa.cn/cftz/20150805/7836.html
642,,,,关于对中超辽宁盘锦赛区通报批评的决定,http://www.thecfa.cn/cftz/20150724/7837.html
643,足纪字[2015]084号,,,关于对广州恒大淘宝运动员郜林违规违纪的处罚决定,http://www.thecfa.cn/cftz/20150724/7838.html
644,足纪字[2015]083号,,,关于对上海赛区(上海绿地申花主场)违规违纪的处罚决定,http://www.thecfa.cn/cftz/20150724/7839.html
645,足纪字[2015]082号,,,关于对贵州智诚官员刘木成违规违纪的处罚决定,http://www.thecfa.cn/cftz/20150724/7840.html
646,足纪字[2015]081号,,,关于对武汉卓尔运动员柯钊违规违纪的处罚决定,http://www.thecfa.cn/cftz/20150724/7841.html
647,足纪字[2015]080号,,,关于对呼和浩特赛区(呼和浩特中优主场)违规违纪的处罚通知,http://www.thecfa.cn/cftz/20150724/7842.html
648,足纪字[2015]079号,,,关于对青岛赛区(青岛中能主场)违规违纪的处罚决定,http://www.thecfa.cn/cftz/20150724/7843.html
649,足纪字[2015]078号,,,关于对长春亚泰运动员祝一帆违规违纪的处罚通知,http://www.thecfa.cn/cftz/20150715/7844.html
650,足纪字[2015]077号,,,关于对河南建业运动员阿布都外力&#8226;阿布来提违规违纪的处罚决定,http://www.thecfa.cn/cftz/20150703/7845.html
651,足纪字[2015]076号,,,关于对上海绿地申花运动员龚金帅违规违纪的处罚决定,http://www.thecfa.cn/cftz/20150703/7846.html
652,足纪字[2015]075号,,,关于对福建超越运动员王棒违规违纪的处罚决定,http://www.thecfa.cn/cftz/20150619/7847.html
653,足纪字[2015]074号,,,关于对湖南湘涛官员张旭违规违纪的处罚决定,http://www.thecfa.cn/cftz/20150619/7848.html
654,足纪字[2015]073号,,,关于对贵州赛区（贵州人和主场）违规违纪的处罚决定,http://www.thecfa.cn/cftz/20150619/7849.html
655,足纪字[2015]072号,,,关于对山东鲁能泰山官员王连成违规违纪的处罚决定,http://www.thecfa.cn/cftz/20150619/7850.html
656,足纪字[2015]071号,,,关于对山东鲁能泰山运动员李松益违规违纪的处罚决定,http://www.thecfa.cn/cftz/20150619/7851.html
657,足纪字[2015]070号,,,关于对山东鲁能泰山运动员邵璞亮违规违纪的处罚决定,http://www.thecfa.cn/cftz/20150619/7852.html
658,足纪字[2015]069号,,,关于对山东鲁能泰山官员库卡违规违纪的处罚决定,http://www.thecfa.cn/cftz/20150619/7853.html
659,足纪字[2015]068号,,,关于对山东鲁能泰山官员斯蒂瓦违规违纪的处罚决定,http://www.thecfa.cn/cftz/20150619/7854.html
660,足纪字[2015]067号,,,关于对比赛官员詹炜违规违纪的处罚决定,http://www.thecfa.cn/cftz/20150619/7855.html
661,足纪字[2015]066号,,,关于对内蒙古中优运动员矫喆违规违纪的处罚决定,http://www.thecfa.cn/cftz/20150612/7856.html
662,足纪字[2015]065号,,,关于对北京理工运动员马尔奎斯违规违纪的处罚决定,http://www.thecfa.cn/cftz/20150612/7857.html
663,足纪字[2015]064号,,,关于对天津京铁火车头运动员陈汇丰违规违纪的处罚决定,http://www.thecfa.cn/cftz/20150604/7858.html
664,足纪字[2015]063号,,,关于对贵州人和运动员杨一虎违规违纪的处罚决定,http://www.thecfa.cn/cftz/20150603/7859.html
665,足纪字[2015]062号,,,关于对山东鲁能泰山运动员汪强违规违纪的处罚决定,http://www.thecfa.cn/cftz/20150603/7860.html
666,足纪字[2015]061号,,,关于对广州恒大淘宝运动员郑智违规违纪的处罚决定,http://www.thecfa.cn/cftz/20150603/7861.html
667,足纪字[2015]060号,,,关于对江西联盛运动员敖飞帆违规违纪的处罚决定,http://www.thecfa.cn/cftz/20150603/7862.html
668,足纪字[2015]059号,,,关于对延边长白山运动员斯蒂夫违规违纪的处罚决定,http://www.thecfa.cn/cftz/20150529/7863.html
669,足纪字[2015]058号,,,关于对湖南湘涛运动员陈真违规违纪的处罚决定,http://www.thecfa.cn/cftz/20150522/7864.html
670,足纪字[2015]057号,,,关于对上海绿地申花运动员杨昊峰违规违纪的处罚决定,http://www.thecfa.cn/cftz/20150522/7865.html
671,足纪字[2015]056号,,,关于对长春亚泰运动员马祖违规违纪的处罚决定,http://www.thecfa.cn/cftz/20150522/7866.html
672,足纪字[2015]055号,,,关于对武汉卓尔队医饶安新违规违纪的处罚决定,http://www.thecfa.cn/cftz/20150522/7867.html
673,,,,关于对贵州人和运动员曹永竞违规违纪的处罚决定,http://www.thecfa.cn/cftz/20150522/7868.html
674,足纪字[2015]053号,,,2015053号关于对2015049号纪律处罚决定的更正说明,http://www.thecfa.cn/cftz/20150522/7869.html
675,足纪字[2015]051号,,,关于对广州恒大淘宝运动员李帅违规违纪的处罚决定,http://www.thecfa.cn/cftz/20150515/7870.html
676,足纪字[2015]052号,,,关于对广州恒大淘宝运动员董学升违规违纪的处罚决定,http://www.thecfa.cn/cftz/20150515/7871.html
677,足纪字[2015]050号,,,关于对新疆天山雪豹运动员蔡曦违规违纪的处罚决定,http://www.thecfa.cn/cftz/20150514/7872.html
678,足纪字[2015]049号,,,关于对青岛中能运动员刘震理违规违纪的处罚决定,http://www.thecfa.cn/cftz/20150514/7873.html
679,足纪字[2015]048号,,,关于对内蒙古中优官员蔡普旺违规违纪的处罚决定,http://www.thecfa.cn/cftz/20150514/7874.html
680,足纪字[2015]047号,,,关于对上海绿地申花官员周欣违规违纪的处罚决定,http://www.thecfa.cn/cftz/20150514/7875.html
681,足纪字[2015]046号,,,关于对上海绿地申花运动员柏佳骏违规违纪的处罚决定,http://www.thecfa.cn/cftz/20150514/7876.html
682,足纪字[2015]045号,,,关于对河北中基官员郑伟违规违纪的处罚决定,http://www.thecfa.cn/cftz/20150514/7877.html
683,足纪字[2015]043号,,,关于对湖南湘涛运动员董建宏违规违纪的处罚决定,http://www.thecfa.cn/cftz/20150430/7878.html
684,足纪字[2015]044号,,,关于对北京控股女足官员刘英等二人违规违纪的处罚决定,http://www.thecfa.cn/cftz/20150430/7879.html
685,足纪字[2015]042号,,,关于对大连阿尔滨运动员孙铂违规违纪的处罚决定,http://www.thecfa.cn/cftz/20150430/7880.html
686,足纪字[2015]041号,,,关于对广州恒大淘宝俱乐部队违规违纪的处罚决定,http://www.thecfa.cn/cftz/20150430/7881.html
687,足纪字[2015]034号,,,关于对运动员李野违规违纪的处罚决定,http://www.thecfa.cn/cftz/20150423/7882.html
688,足纪字[2015]035号,,,关于对运动员蔡文倩违规违纪的处罚决定,http://www.thecfa.cn/cftz/20150423/7883.html
689,足纪字[2015]036号,,,关于对安徽力天运动员宋超违规违纪的处罚决定,http://www.thecfa.cn/cftz/20150423/7884.html
690,足纪字[2015]037号,,,关于对哈尔滨毅腾运动员刘小龙违规违纪的处罚决定,http://www.thecfa.cn/cftz/20150423/7885.html
691,足纪字[2015]038号,,,关于对达坂城纳欢队官员徐建违规违纪的处罚决定,http://www.thecfa.cn/cftz/20150423/7886.html
692,足纪字[2015]039号,,,关于对河北精英官员王宇违规违纪的处罚决定,http://www.thecfa.cn/cftz/20150423/7887.html
693,足纪字[2015]040号,,,关于对北京赛区(国安俱乐部主场)违规违纪的处罚决定,http://www.thecfa.cn/cftz/20150423/7888.html
694,足纪字[2015]028号,,,关于对重庆赛区(重庆力帆主场)违规违纪的处罚决定,http://www.thecfa.cn/cftz/20150416/7889.html
695,足纪字[2015]029号,,,关于对北京国安运动员陈志钊违规违纪的处罚决定,http://www.thecfa.cn/cftz/20150416/7890.html
696,足纪字[2015]030号,,,关于对上海上港集团运动员贺惯违规违纪的处罚决定,http://www.thecfa.cn/cftz/20150416/7891.html
697,足纪字[2015]031号,,,关于对云南普洱万豪运动员高一杰违规违纪的处罚决定,http://www.thecfa.cn/cftz/20150416/7892.html
698,足纪字[2015]032号,,,关于对北京国安运动员德扬违规违纪的处罚决定,http://www.thecfa.cn/cftz/20150416/7893.html
699,足纪字[2015]033号,,,关于对北京国安运动员郎征违规违纪的处罚决定,http://www.thecfa.cn/cftz/20150416/7894.html
700,足纪字[2015]027号,,,关于对天津泰达运动员郭皓违规违纪的处罚决定,http://www.thecfa.cn/cftz/20150410/7895.html
701,足纪字[2015]026号,,,关于对广州富力运动员金洋洋违规违纪的处罚决定,http://www.thecfa.cn/cftz/20150410/7896.html
702,足纪字[2015]025号,,,关于对长春亚泰运动员何超违规违纪的处罚决定,http://www.thecfa.cn/cftz/20150410/7897.html
703,足纪字[2015]024号,,,关于对西安高新热力运动员王柯违规违纪的处罚决定,http://www.thecfa.cn/cftz/20150410/7898.html
704,足纪字[2015]023号,,,关于对银川贺兰山运动员牟永杰违规违纪的处罚决定,http://www.thecfa.cn/cftz/20150410/7899.html
705,足纪字[2015]022号,,,关于对保定英利易通运动员唐宇航违规违纪的处罚决定,http://www.thecfa.cn/cftz/20150410/7901.html
706,足纪字[2015]021号,,,关于对保定英利易通运动员张正淳违规违纪的处罚决定,http://www.thecfa.cn/cftz/20150410/7900.html
707,足纪字[2015]020号,,,关于对保定英利易通运动员孟凡敏违规违纪的处罚决定,http://www.thecfa.cn/cftz/20150410/7902.html
708,足纪字[2015]019号,,,关于对保定英利易通运动员赵斌违规违纪的处罚决定,http://www.thecfa.cn/cftz/20150410/7903.html
709,足纪字[2015]018号,,,关于对山东鲁能运动员戴琳违规违纪的处罚决定,http://www.thecfa.cn/cftz/20150402/7904.html
710,足纪字[2015]017号,,,关于对广州恒大运动员温浩军违规违纪的处罚决定,http://www.thecfa.cn/cftz/20150402/7905.html
711,足纪字[2015]016号,,,关于对长春亚泰运动员周大地违规违纪的处罚决定,http://www.thecfa.cn/cftz/20150402/7906.html
712,,,,关于对广州恒大运动员胡睿宝违规违纪的处罚决定,http://www.thecfa.cn/cftz/20150402/7907.html
713,足纪字[2015]013号,,,关于对南京钱宝运动员班勇违规违纪的处罚决定,http://www.thecfa.cn/cftz/20150320/7908.html
714,足纪字[2015]014号,,,关于对长春亚泰运动员刘骐鸣违规违纪的处罚通知,http://www.thecfa.cn/cftz/20150320/7909.html
715,足纪字[2015]007号,,,关于对青岛中能教练李双林违规违纪的处罚决定,http://www.thecfa.cn/cftz/20150320/7910.html
716,足纪字[2015]008号,,,关于对辽宁俱乐部运动员孙世林违规违纪的处罚决定,http://www.thecfa.cn/cftz/20150320/7911.html
717,足纪字[2015]009号,,,关于对重庆力帆运动员吴鹏违规违纪的处罚决定,http://www.thecfa.cn/cftz/20150320/7912.html
718,足纪字[2015]010号,,,关于对运动员黄洁违规违纪的处罚决定,http://www.thecfa.cn/cftz/20150320/7913.html
719,,,,关于对上海申鑫运动员李新宇违规违纪的处罚决定,http://www.thecfa.cn/cftz/20150320/7914.html
720,足纪字[2015]012号,,,关于对运动员陈曾太郎违规违纪的处罚决定,http://www.thecfa.cn/cftz/20150320/7915.html
721,足纪字[2014]078号,,,关于对上海绿地刘佳燊违规违纪的处罚决定,http://www.thecfa.cn/cftz/20141026/7916.html
722,足纪字[2014]079号,,,关于对长春女足官员刘友违规违纪的处罚决定,http://www.thecfa.cn/cftz/20141026/7917.html
723,足纪字[2014]077号,,,关于对上海申鑫俱乐部唐佳庶违规违纪的处罚决定,http://www.thecfa.cn/cftz/20141016/7918.html
724,足纪字[2014]076号,,,关于对贵州人和足球俱乐部违规违纪的处罚决定,http://www.thecfa.cn/cftz/20140924/7919.html
725,足纪字[2014]074号,,,关于对深圳红钻俱乐部李毅违规违纪的处罚决定,http://www.thecfa.cn/cftz/20140924/7920.html
726,足纪字[2014]075号,,,关于对上海申鑫俱乐部成耀东违规违纪的处罚决定,http://www.thecfa.cn/cftz/20140924/7921.html
727,足纪字[2014]073号,,,关于对广东日之泉队涂东旭违规违纪的处罚决定,http://www.thecfa.cn/cftz/20140919/7922.html
728,足纪字[2014]072号,,,关于对山东鲁能泰山俱乐部违规违纪的处罚决定,http://www.thecfa.cn/cftz/20140913/7923.html
729,足纪字[2014]071 号,,,关于对北京国安队运动员张晓彬违规违纪的处罚决定,http://www.thecfa.cn/cftz/20140910/7924.html
730,足纪字[2014]071号,,,关于对北京国安队张晓彬违规违纪的处罚决定,http://www.thecfa.cn/cftz/20140910/7925.html
731,足纪字[2014]070号,,,关于对长春亚泰足球俱乐部队官员刘建勋违规违纪的处罚决定,http://www.thecfa.cn/cftz/20140906/7926.html
732,足纪字[2014]069号,,,关于对长白山泉阳泉队刘永杰违规违纪的处罚决定,http://www.thecfa.cn/cftz/20140828/7927.html
733,足纪字[2014]068号,,,关于对深圳红钻队运动员吕政违规违纪的处罚决定,http://www.thecfa.cn/cftz/20140828/7928.html
734,足纪字[2014]067号,,,关于对深圳红钻队运动员张迅伟违规违纪的处罚决定,http://www.thecfa.cn/cftz/20140828/7929.html
735,足纪字[2014]066号,,,对长白山泉阳泉队运动员池哲男违规违纪的处罚决定,http://www.thecfa.cn/cftz/20140828/7930.html
736,足纪字[2014]065号,,,关于对哈尔滨赛区违规违纪的处罚决定,http://www.thecfa.cn/cftz/20140822/7931.html
737,足纪字[2014]064号,,,关于对青岛中能俱乐部队运动员李壮飞的处罚决定,http://www.thecfa.cn/cftz/20140822/7932.html
738,足纪字[2014]063号,,,关于对北京理工俱乐部队官员于飞的处罚决定,http://www.thecfa.cn/cftz/20140822/7933.html
739,足纪字[2014]062号,,,关于对人和茅台队官员朱炯违规违纪的处罚决定,http://www.thecfa.cn/cftz/20140822/7934.html
740,足纪字[2014]061号,,,关于对山东鲁能队官员曹峥违规违纪的处罚决定,http://www.thecfa.cn/cftz/20140822/7935.html
741,足纪字[2014]060号,,,关于对青岛中能足球俱乐部违规违纪的处罚决定,http://www.thecfa.cn/cftz/20140814/7936.html
742,足纪字[20141059号,,,关于对山东鲁能队员戴琳违规违纪的处罚决定,http://www.thecfa.cn/cftz/20140813/7937.html
743,足纪字[2014]058号,,,关于对山东鲁能队员韩鹏违规违纪的处罚决定,http://www.thecfa.cn/cftz/20140813/7938.html
744,足纪字[2014]057号,,,关于对北京国安运动员李提香违规违纪的处罚决定,http://www.thecfa.cn/cftz/20140806/7939.html
745,足纪字[2014]056号,,,关于对深圳红钻运动员违规违纪的处罚决定,http://www.thecfa.cn/cftz/20140806/7940.html
746,足纪字[2014]055号,,,关于对北京理工运动员王超违规违纪的处罚决定,http://www.thecfa.cn/cftz/20140806/7941.html
747,足纪字[2014]054号,,,关于对武汉卓尔运动员朱挺违规违纪的处罚决定,http://www.thecfa.cn/cftz/20140806/7942.html
748,足纪字[2014053号,,,对青岛海牛运动员肖开提亚力昆违规违纪的处罚决定,http://www.thecfa.cn/cftz/20140806/7943.html
749,足纪字[2014]052号,,,关于对青岛赛区违规违纪的处罚决定,http://www.thecfa.cn/cftz/20140806/7944.html
750,足纪字[2014]025 号,,,关于对大连阿尔滨运动员陈涛违规违纪的处罚决定,http://www.thecfa.cn/cftz/20140430/7972.html
751,足纪字[2014]026 号,,,关于对上海上港运动员杨世元违规违纪的处罚决定,http://www.thecfa.cn/cftz/20140430/7973.html
752,足纪字[2014]014 号,,,关于对北京国安运动员格隆违规违纪的处罚决定,http://www.thecfa.cn/cftz/20140425/7974.html
753,足纪字[2014]015 号,,,关于对北京国安足球俱乐部主场违规违纪的处罚决定,http://www.thecfa.cn/cftz/20140425/7975.html
754,足纪字[2014]016 号,,,关于对北京国安官员曼萨诺违规违纪的处罚决定,http://www.thecfa.cn/cftz/20140425/7976.html
755,足纪字[2014]017 号,,,关于对北京国安运动员马季奇违规违纪的处罚决定,http://www.thecfa.cn/cftz/20140425/7977.html
756,足纪字[2014]018 号,,,关于对青岛中能足球俱乐部主场违规违纪的处罚决定,http://www.thecfa.cn/cftz/20140425/7978.html
757,足纪字[2014]019 号,,,关于对哈尔滨毅腾官员王贺龙违规违纪的处罚决定,http://www.thecfa.cn/cftz/20140425/7979.html
758,足纪字[2014]020 号,,,关于对深圳红钻官员李毅违规违纪的处罚决定,http://www.thecfa.cn/cftz/20140425/7980.html
759,足纪字[2014]021 号,,,关于对河南建业官员李广涵违规违纪的处罚决定,http://www.thecfa.cn/cftz/20140425/7981.html
760,足纪字[2014]022 号,,,关于对深圳红钻官员向君违规违纪的处罚决定,http://www.thecfa.cn/cftz/20140425/7982.html
761,足纪字[2014]023 号,,,关于对江苏舜天运动员德杨违规违纪的处罚决定,http://www.thecfa.cn/cftz/20140425/7983.html
762,足纪字[2014]011 号,,,关于对贵州人和茅台队官员托米奇违规违纪的处罚决定,http://www.thecfa.cn/cftz/20140418/7985.html
763,足纪字[2014]012 号,,,关于对北京国安官员萨尔维拉违规违纪的处罚决定,http://www.thecfa.cn/cftz/20140418/7984.html
764,足纪字[2014]013 号,,,关于对贵州人和茅台队官员张悦违规违纪的处罚决定,http://www.thecfa.cn/cftz/20140418/7986.html
765,,,,关于刘健与青岛中能俱乐部工作合同仲裁案的情况通报,http://www.thecfa.cn/cftz/20140411/7987.html
766,足纪字[2014]010 号,,,关于对河南赛区违规违纪的处罚决定,http://www.thecfa.cn/cftz/20140411/7988.html
767,足纪字[2014]009 号,,,关于对广州恒大运动员雷内违规违纪的处罚决定,http://www.thecfa.cn/cftz/20140404/7989.html
768,足纪字[2014]005 号,,,关于对新疆达坂城纳欢队官员刘俊峰违规违纪的处罚决定,http://www.thecfa.cn/cftz/20140328/7990.html
769,足纪字[2014]006 号,,,关于对青岛中能运动员李壮飞违规违纪的处罚决定,http://www.thecfa.cn/cftz/20140328/7991.html
770,足纪字[2014]007 号,,,关于对天津赛区（天津泰达主场）违规违纪的处罚决定,http://www.thecfa.cn/cftz/20140328/7992.html
771,足纪字[2014]008 号,,,关于对山东鲁能泰山足球俱乐部违规违纪的处罚决定,http://www.thecfa.cn/cftz/20140328/7993.html
772,足纪字[2014]004 号,,,关于对上海东亚俱乐部上港队吕文君违规违纪的处罚决定,http://www.thecfa.cn/cftz/20140321/7994.html
773,,,,关于对鲁能泰山足校张某某兴奋剂检查A瓶阳性处罚的通知,http://www.thecfa.cn/cftz/20140208/7997.html
774,足纪字[2013]092号,,,关于对广州恒大运动员埃尔克森违规违纪的处罚决定,http://www.thecfa.cn/cftz/20131204/7998.html
775,,,,关于对滕鼎赛区（山东滕鼎主场）违规违纪处罚决定,http://www.thecfa.cn/cftz/20131031/7999.html
776,足纪字[2013]089号,,,关于对上海申鑫足球俱乐部违规违纪的处罚决定,http://www.thecfa.cn/cftz/20131022/8000.html
777,足纪字[2013]088号,,,对青海森科俱乐部官员、运动员违规违纪的处罚决定,http://www.thecfa.cn/cftz/20131022/8001.html
778,足纪字[2013]084号,,,关于对重庆力帆队运动员违规违纪的处罚决定,http://www.thecfa.cn/cftz/20130927/8002.html
779,足纪字[2013]086号,,,关于对上海申花队运动员违规违纪的处罚决定,http://www.thecfa.cn/cftz/20130927/8009.html
780,足纪字[2013]085号,,,关于对广州赛区广州恒大队主场违规违纪的处罚决定,http://www.thecfa.cn/cftz/20130927/8008.html
781,足纪字[2013]083号,,,关于对哈尔滨赛区哈尔滨毅腾队主场违规违纪的处罚决定,http://www.thecfa.cn/cftz/20130927/8007.html
782,足纪字[2013]082号,,,关于对贵州智诚队官员违规违纪的处罚决定,http://www.thecfa.cn/cftz/20130927/8006.html
783,足纪字[2013]081号,,,关于对武汉卓尔队运动员朱挺违规违纪的处罚决定,http://www.thecfa.cn/cftz/20130927/8005.html
784,足纪字[2013]080号,,,关于对沈阳沈北队运动员赵一博违规违纪的处罚决定,http://www.thecfa.cn/cftz/20130927/8004.html
785,足纪字[2013]079号,,,关于对辽宁赛区宏运队主场违规违纪的处罚决定,http://www.thecfa.cn/cftz/20130927/8003.html
786,足纪字[2013]077号,,,关于对重庆力帆足球队运动员吴庆违规违纪的处罚决定,http://www.thecfa.cn/cftz/20130816/8010.html
787,足纪字[2013]078号,,,关于对辽宁足球俱乐部宏运队违规违纪的处罚决定,http://www.thecfa.cn/cftz/20130816/8011.html
788,足纪字[2013]076号,,,关于对武汉卓尔职业足球俱乐部队的处罚决定,http://www.thecfa.cn/cftz/20130809/8015.html
789,足纪字[2013]075号,,,关于对松江足球俱乐部范柏群违规违纪的处罚决定,http://www.thecfa.cn/cftz/20130809/8014.html
790,足纪字[2013]074号,,,关于对谢菲联足球俱乐部队官员违规违纪的处罚决定,http://www.thecfa.cn/cftz/20130809/8013.html
791,足纪字[2013]073号,,,关于对广州恒大足球俱乐部队违规违纪的处罚决定,http://www.thecfa.cn/cftz/20130809/8012.html
792,足纪字[2013]072号,,,关于对辽宁宏运队运动员张靖洋违规违纪的处罚决定,http://www.thecfa.cn/cftz/20130802/8016.html
793,足纪字[2013]071号,,,对浙江赛区(杭州大金绿城主场)违规违纪的处罚决定,http://www.thecfa.cn/cftz/20130802/8017.html
794,足纪字[2013]070号,,,关于对上海申花联盛教练员沈祥福违规违纪的处罚决定,http://www.thecfa.cn/cftz/20130802/8018.html
795,足纪字[2013]069号,,,关于对湖北华凯尔队官员徐健违规违纪的处罚决定,http://www.thecfa.cn/cftz/20130726/8019.html
796,足纪字[2013]068号,,,关于成都谢菲联运动员杨泽志违规违纪的处罚决定,http://www.thecfa.cn/cftz/20130726/8020.html
797,足纪字[2013]067号,,,关于对青岛中能足球俱乐部队违规违纪的处罚决定,http://www.thecfa.cn/cftz/20130726/8021.html
798,足纪字[2013]066号,,,关于对上海上港卡贝萨斯暴力行为违规违纪的处罚决定,http://www.thecfa.cn/cftz/20130726/8022.html
799,足纪字[2013]065号,,,关于对贵州人和饶伟辉暴力行为违规违纪的处罚决定,http://www.thecfa.cn/cftz/20130726/8023.html
800,足纪字[2013]064号,,,关于杭州绿城大金绿城队官员池田诚刚的处罚决定,http://www.thecfa.cn/cftz/20130726/8024.html
801,足纪字[2013]061号,,,关于对上海申花队运动员王寿挺违规违纪的处罚决定,http://www.thecfa.cn/cftz/20130708/8025.html
802,足纪字[2013]060号,,,关于对江苏舜天巴力&#8226;买买提伊力违规违纪的处罚决定,http://www.thecfa.cn/cftz/20130626/8026.html
803,足纪字[2013]059号,,,关于对哈尔滨毅腾足球俱乐部队违规违纪的处罚决定,http://www.thecfa.cn/cftz/20130626/8027.html
804,足纪字[2013]058号,,,关于对石家庄赛区（永昌骏豪主场）违规违纪的处罚决定,http://www.thecfa.cn/cftz/20130626/8028.html
805,,,,关于对呼和浩特东进教练员赵发庆违规违纪的处罚决定,http://www.thecfa.cn/cftz/20130618/8029.html
806,足纪字[2013]055号,,,关于对成都谢菲联队员罗迪克违规违纪的处罚决定,http://www.thecfa.cn/cftz/20130617/8030.html
807,足纪字[2013]056号,,,关于对广州恒大队员黄佳强违规违纪的处罚决定,http://www.thecfa.cn/cftz/20130617/8031.html
808,足纪字[2013]057号,,,关于对上海申花联盛队员袁少华违规违纪的处罚决定,http://www.thecfa.cn/cftz/20130617/8032.html
809,,,,关于对江西联盛足球俱乐部队教练员李晓违规违纪的处罚决定,http://www.thecfa.cn/cftz/20130517/8033.html
810,足纪字[2013]053号,,,关于对哈尔滨毅腾俱乐部队官员朱山违规违纪的处罚决定,http://www.thecfa.cn/cftz/20130503/8034.html
811,足纪字[2013]051号,,,关于对北京国安足球俱乐部队运动员周挺违规违纪的处罚决定,http://www.thecfa.cn/cftz/20130419/8035.html
812,足纪字[2013]046号,,,关于对广州恒大足球俱乐部队运动员赵旭日违规违纪的处罚决定,http://www.thecfa.cn/cftz/20130403/8036.html
813,足纪字[2013]047号,,,关于对广州富力足球俱乐部队运动员达维违规违纪的处罚决定,http://www.thecfa.cn/cftz/20130403/8037.html
814,足纪字[2013]048号,,,关于对上海申鑫足球俱乐部队官员蔡建林违规违纪的处罚决定,http://www.thecfa.cn/cftz/20130403/8038.html
815,,,,中国足协关于对江苏籍运动员马君处罚的决定,http://www.thecfa.cn/cftz/20130327/8039.html
816,足纪字[2013]044号,,,关于对成都谢菲联足球俱乐部队官员违规违纪的处罚决定,http://www.thecfa.cn/cftz/20130322/8040.html
817,足纪字[2013]042号,,,关于对武汉卓尔俱乐部运动员柯钊违规违纪的处罚决定,http://www.thecfa.cn/cftz/20130322/8041.html
818,足纪字[2013]041号,,,关于对上海申鑫足球俱乐部队违规违纪的处罚决定,http://www.thecfa.cn/cftz/20130322/8042.html
819,,,,中国足协纪律委员会处罚决定（001-038号）,http://www.thecfa.cn/cftz/20130218/8043.html
820,足纪字[2012]049号,,,关于对天津泰达康师傅队运动员违规违纪的处罚决定,http://www.thecfa.cn/cftz/20121102/8044.html
821,足纪字[2012]048号,,,关于对北京国安队官员张阳违规违纪的处罚决定,http://www.thecfa.cn/cftz/20121016/8045.html
822,足纪字[2012]044号,,,关于对广州恒大队教练员里皮违规违纪的处罚决定,http://www.thecfa.cn/cftz/20121004/8046.html
823,足纪字[2012]045号,,,关于对广州恒大队运动员张琳芃违规违纪的处罚决定,http://www.thecfa.cn/cftz/20121004/8047.html
824,足纪字[2012]046号,,,关于对广州恒大队运动员唐德超违规违纪的处罚决定,http://www.thecfa.cn/cftz/20121004/8048.html
825,足纪字[2012]047号,,,关于广州恒大队运动员唐德超纪律处罚的执行通知,http://www.thecfa.cn/cftz/20121004/8049.html
826,足纪字[2012]043号,,,关于对哈尔滨毅腾足球俱乐部队运动员违规违纪的处罚决定,http://www.thecfa.cn/cftz/20121003/8050.html
827,足纪字[2012]042号,,,关于对延边长白虎足球俱乐部队运动员违规违纪的处罚决定,http://www.thecfa.cn/cftz/20121003/8051.html
828,足纪字[2012]040号,,,关于对青岛中能足球俱乐部队违规违纪的处罚决定,http://www.thecfa.cn/cftz/20120830/8052.html
829,足纪字[2012]041号,,,关于对南昌衡源足球俱乐部上海申鑫队违规违纪的处罚决定,http://www.thecfa.cn/cftz/20120830/8053.html
830,足纪字[2012]039号,,,关于对广州恒大足球俱乐部队违规违纪的处罚决定,http://www.thecfa.cn/cftz/20120830/8054.html
831,足纪字[2012]038号,,,关于对湖南浏阳河队运动员违规违纪的处罚决定,http://www.thecfa.cn/cftz/20120827/8055.html
832,足纪字[2012]037号,,,关于对山东鲁能泰山俱乐部队违规违纪的处罚决定,http://www.thecfa.cn/cftz/20120817/8056.html
833,足纪字[2012]036号,,,关于对天津赛区（松江队主场）违规违纪的处罚决定,http://www.thecfa.cn/cftz/20120817/8057.html
834,足纪字[2012]035号,,,关于对天津赛区(天津泰达足球俱乐部主场)违规违纪的处罚决定,http://www.thecfa.cn/cftz/20120803/8058.html
835,足纪字[2012]034号,,,关于对北京国安足球俱乐部队教练员薛申违规违纪的处罚决定,http://www.thecfa.cn/cftz/20120803/8059.html
836,足纪字[2012]033号,,,关于对北京国安足球俱乐部队教练员帕切科违规违纪的处罚决定,http://www.thecfa.cn/cftz/20120803/8060.html
837,,,,关于对贵州人和队运动员违规违纪的处罚决定,http://www.thecfa.cn/cftz/20120726/8061.html
838,足纪字[2012]031号,,,对广州富力俱乐部队教练员法里亚斯违规违纪的处罚决定,http://www.thecfa.cn/cftz/20120723/8062.html
839,足纪字[2012]030号,,,关于对湖南浏阳河队教练员张旭违规违纪的处罚决定,http://www.thecfa.cn/cftz/20120723/8063.html
840,足纪字[2012]022号,,,关于对上海中邦俱乐部队官员违规违纪的处罚决定,http://www.thecfa.cn/cftz/20120710/8064.html
841,足纪字[2012]023号,,,关于对成都谢菲联队运动员威廉违规违纪的处罚决定,http://www.thecfa.cn/cftz/20120710/8065.html
842,足纪字[2012]024号,,,关于对茅台红钻队违规违纪的处罚决定,http://www.thecfa.cn/cftz/20120710/8066.html
843,足纪字[2012]021号,,,关于对呼和浩特东进队运动员违规违纪的处罚决定,http://www.thecfa.cn/cftz/20120710/8067.html
844,足纪字[2012]027号,,,关于对天津松江足球俱乐部违规违纪的处罚决定,http://www.thecfa.cn/cftz/20120704/8068.html
845,足纪字[2012]028号,,,关于对天津松江俱乐部队官员于超违规违纪的处罚决定,http://www.thecfa.cn/cftz/20120704/8069.html
846,足纪字[2012]029号,,,关于对天津松江俱乐部运动员罗迪克违规违纪的处罚决定,http://www.thecfa.cn/cftz/20120704/8070.html
847,足纪字[2012]026号,,,关于对深圳市红钻俱乐部茅台红钻队运动员违规违纪的处罚决定,http://www.thecfa.cn/cftz/20120621/8071.html
848,足纪字[2012]025号,,,关于对沈阳沈北俱乐部队运动员违规违纪的处罚决定,http://www.thecfa.cn/cftz/20120621/8072.html
849,足纪字[2012]020号,,,关于对哈尔滨毅腾足球俱乐部松北队官员朱山违规违纪的处罚决定,http://www.thecfa.cn/cftz/20120524/8073.html
850,足纪字[2012]019号,,,关于对湖南湘涛足球俱乐部湖南浏阳河队队务谢刚违规违纪的处罚决定,http://www.thecfa.cn/cftz/20120524/8074.html
851,足纪字[2012]018号,,,关于对大连赛区(大连阿尔滨主场)违规违纪的处罚决定,http://www.thecfa.cn/cftz/20120524/8075.html
852,足纪字[2012]017号,,,关于对天津康师傅队队务王霄违规违纪的处罚决定,http://www.thecfa.cn/cftz/20120524/8076.html
853,足纪字[2012]016号,,,关于对天津康师傅队教练员库泽违规违纪的处罚决定,http://www.thecfa.cn/cftz/20120524/8077.html
854,足纪字[2012]015号,,,关于对南京赛区（江苏国信舜天主场）违规违纪的处罚决定,http://www.thecfa.cn/cftz/20120524/8078.html
855,足纪字[2012]013号,,,关于对杭州绿城足球俱乐部队官员高升违规违纪的处罚决定,http://www.thecfa.cn/cftz/20120517/8079.html
856,足纪字[2012]014号,,,关于对山东鲁能泰山运动员木热合&#8226;买提江违规违纪的处罚决定,http://www.thecfa.cn/cftz/20120517/8080.html
857,足纪字[2012]012号,,,关于对成都谢菲联俱乐部运动员范培培违规违纪的处罚决定,http://www.thecfa.cn/cftz/20120517/8081.html
858,足纪字[2012]011号,,,关于对成都谢菲联俱乐部队教练员牛洪利违规违纪的处罚决定,http://www.thecfa.cn/cftz/20120517/8082.html
859,足纪字[2012]010号,,,关于对河南建业俱乐部队官员违规违纪的处罚决定,http://www.thecfa.cn/cftz/20120420/8083.html
860,足纪字[2012]009号,,,关于对山东鲁能俱乐部队官员违规违纪的处罚决定,http://www.thecfa.cn/cftz/20120420/8084.html
861,足纪字[2012]008号,,,关于对南昌衡源俱乐部上海申鑫队运动员违规违纪的处罚决定,http://www.thecfa.cn/cftz/20120420/8085.html
862,足纪字[2012]007号,,,关于对青岛中能俱乐部队运动员违规违纪的处罚决定,http://www.thecfa.cn/cftz/20120420/8086.html
863,足纪字[2012]006号,,,关于对湖南湘涛俱乐部官员王兴权违规违纪的处罚决定,http://www.thecfa.cn/cftz/20120413/8087.html
864,足纪字[2012]005号,,,关于对湖南赛区(湘涛俱乐部主场)违规违纪的处罚决定,http://www.thecfa.cn/cftz/20120413/8088.html
865,足纪字[2012]003号,,,对天津松江俱乐部官员迟景天、刘少卿违规违纪的处罚决定,http://www.thecfa.cn/cftz/20120329/8089.html
866,足纪字[2012]002号,,,关于对重庆力帆俱乐部运动员王选宏违规违纪的处罚决定,http://www.thecfa.cn/cftz/20120329/8090.html
867,足纪字[2011]043号,,,关于对天津赛区(泰达主场)违规违纪的处罚决定,http://www.thecfa.cn/cftz/20111021/8091.html
868,足纪字[2011]042号,,,关于对山东赛区（鲁能主场）违规违纪的处罚决定,http://www.thecfa.cn/cftz/20111021/8092.html
869,足纪字[2011]041号,,,关于对上海申花俱乐部于涛违规违纪的处罚决定,http://www.thecfa.cn/cftz/20111021/8093.html
870,足纪字[2011]040号,,,关于对上海申花俱乐部姜坤违规违纪的处罚决定,http://www.thecfa.cn/cftz/20111021/8094.html
871,足纪字[2011]039号,,,关于对北京国安俱乐部官员付豪违规违纪的处罚决定,http://www.thecfa.cn/cftz/20111021/8095.html
872,足纪字[2011]038号,,,关于对北京国安俱乐部官员薛申违规违纪的处罚决定,http://www.thecfa.cn/cftz/20111021/8096.html
873,足纪字[2011]037号,,,关于对北京国安俱乐部官员帕切科违规违纪的处罚决定,http://www.thecfa.cn/cftz/20111021/8097.html
874,足纪字[2011]036号,,,关于对七城会男足乙组决赛杭州队官员违规违纪的处罚决定,http://www.thecfa.cn/cftz/20111020/8098.html
875,足纪字[2011]035号,,,关于对七城会男足乙组决赛西安队官员违规违纪的处罚决定,http://www.thecfa.cn/cftz/20111020/8099.html
876,足纪字[2011]034号,,,关于对长春亚泰运动员王万鹏违规违纪的处罚决定,http://www.thecfa.cn/cftz/20111019/8100.html
877,足纪字[2011]033号,,,关于对长春亚泰运动员王栋违规违纪的处罚决定,http://www.thecfa.cn/cftz/20111019/8101.html
878,足纪字[2011]032号,,,关于对河南钢铁女子足球队官员违规违纪的处罚决定,http://www.thecfa.cn/cftz/20111014/8102.html
879,足纪字[2011]031号,,,关于对长春亚泰足球俱乐部官员违规违纪的处罚决定,http://www.thecfa.cn/cftz/20110916/8103.html
880,足纪字[2011]030号,,,关于对广州恒大俱乐部运动员违规违纪的处罚决定,http://www.thecfa.cn/cftz/20110816/8104.html
881,足纪字[2011]029号,,,关于对申花俱乐部官员兼运动员违规违纪的处罚决定,http://www.thecfa.cn/cftz/20110812/8105.html
882,足纪字[2011]028号,,,关于对江苏华泰女子足球队运动员违规违纪的处罚决定,http://www.thecfa.cn/cftz/20110805/8106.html
883,足纪字[2011]027号,,,关于对武汉中博足球俱乐部官员违规违纪的处罚决定,http://www.thecfa.cn/cftz/20110805/8107.html
884,足纪字[2011]026号,,,关于对延边长白虎俱乐部运动员违规违纪的处罚决定,http://www.thecfa.cn/cftz/20110713/8108.html
885,足纪字[2011]025号,,,关于对陕西宝荣浐霸足球俱乐部运动员违规违纪的处罚决定,http://www.thecfa.cn/cftz/20110713/8109.html
886,足纪字[2011]024号,,,关于对深圳红钻俱乐部运动员违规违纪的处罚决定,http://www.thecfa.cn/cftz/20110713/8110.html
887,足纪字[2011]023号,,,关于对天津泰达足球俱乐部运动员违规违纪的处罚决定,http://www.thecfa.cn/cftz/20110713/8111.html
888,足纪字[2011]022号,,,关于对天津泰达足球俱乐部官员违规违纪的处罚决定,http://www.thecfa.cn/cftz/20110630/8112.html
889,足纪字[2011]021号,,,关于对北京国安足球俱乐部官员违规违纪的处罚决定,http://www.thecfa.cn/cftz/20110630/8113.html
890,足纪字[2011]020号,,,关于对广州青年队运动员违规违纪的处罚决定,http://www.thecfa.cn/cftz/20110624/8114.html
891,足纪字[2011]019号,,,关于对广州青年队官员违规违纪的处罚决定,http://www.thecfa.cn/cftz/20110624/8115.html
892,足纪字[2011]018号,,,关于对广州青年队违规违纪的处罚决定,http://www.thecfa.cn/cftz/20110624/8116.html
893,,,,关于对广州恒大足球俱乐部官员王维满违规违纪的处罚决定,http://www.thecfa.cn/cftz/20110616/8117.html
894,足纪字[2011]016号,,,关于对湖北东方国旅足球俱乐部运动员违规违纪的处罚决定,http://www.thecfa.cn/cftz/20110607/8118.html
895,足纪字[2011]015号,,,关于对延边赛区违规违纪的处罚决定,http://www.thecfa.cn/cftz/20110607/8119.html
896,足纪字[2011]014号,,,关于对浙江赛区违规违纪的处罚决定,http://www.thecfa.cn/cftz/20110607/8120.html
897,足纪字[2011]013号,,,关于对城运会女足甲组预赛大连队员违规违纪的处罚决定,http://www.thecfa.cn/cftz/20110513/8121.html
898,足纪字[2011]012号,,,关于对南昌赛区(南昌恒源主场)违规违纪的处罚决定,http://www.thecfa.cn/cftz/20110513/8122.html
899,足纪字[2011]011号,,,关于对大连阿尔滨足球俱乐部违规违纪的处罚决定,http://www.thecfa.cn/cftz/20110513/8123.html
900,足纪字[2011]010号,,,关于对湖南赛区(湖南湘涛主场)违规违纪的处罚决定,http://www.thecfa.cn/cftz/20110513/8124.html
901,足纪字[2011]009号,,,关于对天津松江足球俱乐部官员违规违纪的处罚决定,http://www.thecfa.cn/cftz/20110513/8125.html
902,足纪字[2011]008号,,,关于对杭州绿城足球俱乐部官员违规违纪的处罚决定,http://www.thecfa.cn/cftz/20110513/8126.html
903,足纪字[2011]007号,,,关于对天津康师傅俱乐部官员违规违纪的处罚决定,http://www.thecfa.cn/cftz/20110513/8127.html
904,足纪字[2011]006号,,,关于对陕西人和浐霸俱乐部运动员违规违纪的处罚决定,http://www.thecfa.cn/cftz/20110513/8128.html
905,足纪字[2011]003号,,,关于对北京国安足球俱乐部官员李立新违规违纪的处罚决定,http://www.thecfa.cn/cftz/20110421/8129.html
906,足纪字[2011]004号,,,关于对北京国安足球俱乐部官员帕切科违规违纪的处罚决定,http://www.thecfa.cn/cftz/20110421/8130.html
907,足纪字[2011]005号,,,关于对北京国安足球俱乐部违规违纪的处罚决定,http://www.thecfa.cn/cftz/20110421/8131.html
908,足纪字[2011]002号,,,关于对重庆力帆足球俱乐部官员尼科违规违纪的处罚决定,http://www.thecfa.cn/cftz/20110419/8132.html
909,,,,关于对长春亚泰足球俱乐部官员违规违纪的处罚决定,http://www.thecfa.cn/cftz/20101105/8133.html
910,,,,关于对南昌赛区违规违纪的处罚决定,http://www.thecfa.cn/cftz/20101105/8134.html
911,,,,关于对青岛中能足球俱乐部官员违规违纪的处罚决定,http://www.thecfa.cn/cftz/20101028/8135.html
912,足纪字[2010]047号,,,对陕西中建地产足球俱乐部官员违规违纪的处罚决定,http://www.thecfa.cn/cftz/20101014/8136.html
913,,,,关于对上海申花俱乐部运动员违规违纪的处罚决定,http://www.thecfa.cn/cftz/20100928/8137.html
914,,,,关于对深圳赛区违规违纪的处罚决定,http://www.thecfa.cn/cftz/20100926/8138.html
915,足纪字[2010]44号,,,关于对青岛中能足球俱乐部运动员违规违纪的处罚决定,http://www.thecfa.cn/cftz/20100910/8139.html
916,足纪字[2010]43号,,,关于对重庆力帆足球俱乐部队运动员违规违纪的处罚决定,http://www.thecfa.cn/cftz/20100910/8141.html
917,足纪字[2010] 41 号,,,关于对北京八喜足球俱乐部队运动员违规违纪的处罚决定,http://www.thecfa.cn/cftz/20100910/8140.html
918,足纪字[2010] 42 号,,,关于对上海浦东中邦足球俱乐部队运动员违规违纪的处罚决定,http://www.thecfa.cn/cftz/20100910/8142.html
919,足纪字[2010]040号,,,关于对成都赛区的处罚决定,http://www.thecfa.cn/cftz/20100907/8143.html
920,足纪字[2010]039号,,,关于对成都谢菲联足球俱乐部运动员违规违纪的处罚决定,http://www.thecfa.cn/cftz/20100907/8144.html
921,,,,关于对成都谢菲联足球俱乐部运动员违规违纪的处罚决定,http://www.thecfa.cn/cftz/20100902/8146.html
922,,,,关于对广州恒大足球俱乐部运动员违规违纪的处罚决定,http://www.thecfa.cn/cftz/20100902/8145.html
923,,,,关于对大连实德足球俱乐部助理教练员违规违纪的处罚决定,http://www.thecfa.cn/cftz/20100902/8147.html
924,足纪字[2010]034号,,,关于对延边赛区违规违纪的处罚决定,http://www.thecfa.cn/cftz/20100827/8148.html
925,,,,关于对全国女子足球U-18联赛决赛浙江队教练员违规违纪的处罚决定,http://www.thecfa.cn/cftz/20100816/8149.html
926,,,,关于对沈阳东进足球俱乐部教练员违规违纪的处罚决定,http://www.thecfa.cn/cftz/20100811/8150.html
927,,,,关于对南昌衡源足球俱乐部教练员违规违纪的处罚决定,http://www.thecfa.cn/cftz/20100811/8151.html
928,,,,关于对陕西中建地产足球俱乐部官员和运动员违规违纪的处罚决定,http://www.thecfa.cn/cftz/20100803/8152.html
929,,,,关于对大连赛区违规违纪的处罚决定,http://www.thecfa.cn/cftz/20100803/8153.html
930,,,,关于对南昌赛区违规违纪的处罚决定,http://www.thecfa.cn/cftz/20100803/8154.html
931,,,,关于对沈阳东进足球俱乐部官员和运动员违规违纪的处罚决定,http://www.thecfa.cn/cftz/20100803/8155.html
932,,,,关于对长沙金德足球俱乐部官员违规违纪的处罚决定,http://www.thecfa.cn/cftz/20100803/8156.html
933,足纪字[2010]025号,,,关于对天津泰达足球俱乐部官员违规违纪的处罚决定,http://www.thecfa.cn/cftz/20100728/8157.html
934,足纪字[2010]024号,,,关于对青岛中能俱乐部官员违规违纪的处罚决定,http://www.thecfa.cn/cftz/20100727/8158.html
935,足纪字[2010]023号,,,关于对青岛赛区违规违纪的处罚决定,http://www.thecfa.cn/cftz/20100727/8159.html
936,,,,关于安徽赛区（安徽九方主场）违规违纪的处罚决定,http://www.thecfa.cn/cftz/20100602/8161.html
937,,,,关于广东日之泉足球俱乐部官员违规违纪的处罚决定,http://www.thecfa.cn/cftz/20100602/8160.html
938,,,,关于天津赛区（天津泰达主场）违规违纪的处罚决定,http://www.thecfa.cn/cftz/20100602/8162.html
939,足纪字[2010]015号,,,关于对辽宁宏运足球俱乐部违规违纪的处罚决定,http://www.thecfa.cn/cftz/20100510/8163.html
940,足纪字[2010]014号,,,关于对上海中邦足球俱乐部违规违纪的处罚决定,http://www.thecfa.cn/cftz/20100430/8164.html
941,足纪字[2010]013号,,,关于对安徽九方足球俱乐部违规违纪的处罚决定,http://www.thecfa.cn/cftz/20100430/8165.html
942,足纪字[2010]012号,,,关于对南京有有足球俱乐部违规违纪的处罚决定,http://www.thecfa.cn/cftz/20100429/8166.html
943,足纪字[2010]011号,,,关于对北京八喜足球俱乐部违规违纪的处罚决定,http://www.thecfa.cn/cftz/20100429/8167.html
944,足纪字[2010]010号,,,关于对北京理工大学足球俱乐部违规违纪的处罚决定,http://www.thecfa.cn/cftz/20100429/8168.html
945,足纪字[2009]009号,,,关于对南京有有俱乐部官员违规违纪的处罚决定,http://www.thecfa.cn/cftz/20100423/8169.html
946,足纪字[2009]008号,,,对湖南赛区(湖南湘涛俱乐部主场)的处罚决定,http://www.thecfa.cn/cftz/20100414/8170.html
947,足纪字[2010]004号,,,关于对南京有有足球俱乐部的处罚决定,http://www.thecfa.cn/cftz/20100223/8172.html
948,足纪字[2010]003号,,,关于对青岛海利丰足球俱乐部的处罚决定,http://www.thecfa.cn/cftz/20100223/8173.html
949,足纪字[2010]002号,,,关于对成都谢菲联足球俱乐部的处罚决定,http://www.thecfa.cn/cftz/20100223/8174.html
950,足纪字[2010]001号,,,关于对广州医药足球俱乐部的处罚决定,http://www.thecfa.cn/cftz/20100223/8175.html
951,,,,关于对河南建业足球俱乐部运动员违规违纪的处罚决定,http://www.thecfa.cn/cftz/20091102/8176.html
952,足纪字[2009]39号,,,关于对天津泰达足球俱乐部运动员刘毅的处罚决定,http://www.thecfa.cn/cftz/20091028/8177.html
953,足纪字[2009]38号,,,对广州医药足球俱乐部运动员违规违纪的处罚决定,http://www.thecfa.cn/cftz/20091028/8178.html
954,足纪字[2009]37号,,,关于对中超联赛天津赛区的处罚决定,http://www.thecfa.cn/cftz/20091016/8179.html
955,足纪字[2009]35号,,,对大连实德俱乐部运动员违规违纪行为的处罚决定,http://www.thecfa.cn/cftz/20091013/8180.html
956,足纪字[2009]36号,,,对北京国安足球俱乐部运动员违规违纪的处罚决定,http://www.thecfa.cn/cftz/20091013/8181.html
957,足纪字[2009]34号,,,关于对中超联赛成都赛区的处罚决定,http://www.thecfa.cn/cftz/20091010/8182.html
958,足纪字[2009]33号,,,关于对中超山东(鲁能俱乐部主场)赛区的处罚决定,http://www.thecfa.cn/cftz/20090921/8183.html
959,足纪字[2009]31号,,,关于对杭州绿城俱乐部队运动员违规违纪的处罚决定,http://www.thecfa.cn/cftz/20090909/8184.html
960,足纪字[2009]32号,,,关于对长春亚泰俱乐部队运动员违规违纪的处罚决定,http://www.thecfa.cn/cftz/20090909/8185.html
961,足纪字[2009]29号,,,关于对山东鲁能俱乐部队运动员违规违纪的处罚决定,http://www.thecfa.cn/cftz/20090909/8186.html
962,足纪字[2009]30号,,,关于对上海申花队相关人员违规违纪的处罚决定,http://www.thecfa.cn/cftz/20090909/8187.html
963,足纪字[2009]28号,,,关于对深圳亚旅足球俱乐部违规违纪的处罚决定,http://www.thecfa.cn/cftz/20090904/8188.html
964,足纪字[2009]27号,,,对上海浦东中邦俱乐部队运动员违规违纪的处罚决定,http://www.thecfa.cn/cftz/20090902/8189.html
965,足纪字[2009]26号,,,对天津泰达足球俱乐部及相关人员违规违纪的处罚决定,http://www.thecfa.cn/cftz/20090902/8190.html
966,足纪字[2009]23号,,,关于对长春亚泰俱乐部教练员违规违纪的处罚决定,http://www.thecfa.cn/cftz/20090825/8191.html
967,足纪字[2009]24号,,,关于对中超联赛大连赛区的处罚决定,http://www.thecfa.cn/cftz/20090825/8192.html
968,足纪字[2009]25号,,,关于对南昌八一衡源队运动员的违规违纪的处罚决定,http://www.thecfa.cn/cftz/20090825/8193.html
969,足纪字[2009]22号,,,关于对重庆力帆足球俱乐部教练员违规违纪的处罚决定,http://www.thecfa.cn/cftz/20090804/8194.html
970,足纪字[2009]20号,,,对天津全运男足代表队运动员及相关人员的处罚决定,http://www.thecfa.cn/cftz/20090730/8195.html
971,,,,对全运男足甲组决赛阶段天津队违规违纪的处罚决定,http://www.thecfa.cn/cftz/20090727/8196.html
972,,,,关于对南京有有足球俱乐部官员违规违纪的处罚决定,http://www.thecfa.cn/cftz/20090706/8197.html
973,足纪字[2009]18号,,,对大连毅腾俱乐部及U-15足球队相关人员违规违纪的处罚决定,http://www.thecfa.cn/cftz/20090704/8198.html
974,足纪字[2009]17号,,,关于对大连实德足球俱乐部队运动员违规违纪的处罚决定,http://www.thecfa.cn/cftz/20090704/8199.html
975,,,,关于对山东鲁能足球俱乐部教练员违规违纪的处罚决定,http://www.thecfa.cn/cftz/20090624/8200.html
976,,,,关于对天津泰达足球俱乐部运动员违规违纪的处罚决定,http://www.thecfa.cn/cftz/20090616/8201.html
977,,,,关于对安徽九方足球俱乐部运动员违规违纪的处罚决定,http://www.thecfa.cn/cftz/20090616/8203.html
978,,,,关于对中超北京赛区(北京国安俱乐部主场) 的处罚决定,http://www.thecfa.cn/cftz/20090616/8202.html
979,,,,关于韩国足协对非持证经纪人违规违纪行为处罚的通报,http://www.thecfa.cn/cftz/20090609/8204.html
980,足纪字[2009]11号,,,关于对江苏舜天国信队运动员违规违纪的处罚决定,http://www.thecfa.cn/cftz/20090513/8205.html
981,,,,对新疆第11届全运会女子足球代表队违规违纪的处罚决定,http://www.thecfa.cn/cftz/20090430/8206.html
982,,,,对申花足球俱乐部队运动员违规违纪的处罚决定,http://www.thecfa.cn/cftz/20090430/8207.html
983,,,,对全运会女子足球成年组预赛成都赛区的处罚决定,http://www.thecfa.cn/cftz/20090426/8208.html
984,,,,关于对第十一届全运会女子足球成年组预赛中新疆代表队违规违纪的处罚决定,http://www.thecfa.cn/cftz/20090426/8209.html
985,足纪字[2009]07号,,,对北京国安足球俱乐部运动员违规违纪的处罚决定,http://www.thecfa.cn/cftz/20090421/8210.html
986,足纪字[2009]08号,,,对南昌八一衡源足球俱乐部领队违规违纪的处罚决定,http://www.thecfa.cn/cftz/20090421/8211.html
987,,,,关于对中超联赛重庆赛区的处罚决定,http://www.thecfa.cn/cftz/20090416/8212.html
988,,,,关于对南京有有足球俱乐部运动员违规违纪的处罚决定,http://www.thecfa.cn/cftz/20090416/8213.html
989,,,,关于对中超联赛大连、长沙、成都赛区的处罚决定,http://www.thecfa.cn/cftz/20090401/8214.html
990,,,,关于对山东鲁能足球俱乐部运动员违规违纪的处罚决定,http://www.thecfa.cn/cftz/20090401/8215.html
991,,,,对大连实德俱乐部运动员违规违纪行为的处罚决定,http://www.thecfa.cn/cftz/20090325/8216.html
992,,,,关于对天津赛区(天津泰达俱乐部主场)的处罚决定,http://www.thecfa.cn/cftz/20090325/8217.html
993,足纪字[2008]30号,,,关于对长沙金德俱乐部工作人员的处罚决定,http://www.thecfa.cn/cftz/20081125/8218.html
994,足纪字[2008]29号,,,对天津泰达队领队、运动员违规违纪行为的处罚决定,http://www.thecfa.cn/cftz/20081115/8219.html
995,足纪字[2008]29号,,,对天津泰达队领队、运动员违规违纪的处罚决定,http://www.thecfa.cn/cftz/20081114/8220.html
996,足纪字[2008]28号,,,对延边足球俱乐部运动员违规违纪行为的处罚决定,http://www.thecfa.cn/cftz/20081107/8221.html
997,足纪字[2008]27号,,,对深圳足球俱乐部运动员违规违纪行为的处罚决定,http://www.thecfa.cn/cftz/20081031/8222.html
998,足纪字[2008]26号,,,对北京国安足球俱乐部队运动员违规违纪处罚决定,http://www.thecfa.cn/cftz/20081024/8223.html
999,足纪字[2008]25号,,,对北京宏登俱乐部教练员违规违纪的处罚决定,http://www.thecfa.cn/cftz/20081022/8224.html
1000,足纪字[2008]24号,,,关于对中超联赛中违规违纪行为的处罚决定,http://www.thecfa.cn/cftz/20081010/8225.html
1001,足纪字[2008]23号,,,对武汉足球俱乐部退出2008年中超联赛的处罚决定,http://www.thecfa.cn/cftz/20081007/8226.html
1002,,,,中国足协纪律委员会通告,http://www.thecfa.cn/cftz/20081007/8227.html
1003,足纪字[2008]21号,,,对辽宁足球俱乐部宏运队教练员违规违纪处罚决定,http://www.thecfa.cn/cftz/20081001/8228.html
1004,足纪字[2008]22号,,,关于对中超联赛中违规违纪行为的处罚决定,http://www.thecfa.cn/cftz/20081001/8229.html
1005,足纪字[2008]20号,,,对青岛中能足球俱乐部运动员违规违纪处罚决定,http://www.thecfa.cn/cftz/20080716/8230.html
1006,足纪字[2008]19号,,,对武汉职业足球俱乐部教练员违规违纪处罚决定,http://www.thecfa.cn/cftz/20080716/8231.html
1007,足纪字[2008]18号,,,对北京河南女足俱乐部及教练队员违规违纪处罚决定,http://www.thecfa.cn/cftz/20080708/8232.html
1008,足纪字[2008]17号,,,对烟台毅腾俱乐部主教练王军违规违纪的处罚决定,http://www.thecfa.cn/cftz/20080702/8233.html
1009,足纪字[2008]16号,,,关于对长春亚泰俱乐部运动员违规违纪的处罚决定,http://www.thecfa.cn/cftz/20080628/8234.html
1010,足纪字[2008]15号,,,关于对中超联赛中违规违纪行为的处罚决定,http://www.thecfa.cn/cftz/20080627/8235.html
1011,足纪字[2008]14号,,,对陕西中新浐灞俱乐部领队吴兵违规违纪处罚决定,http://www.thecfa.cn/cftz/20080627/8236.html
1012,足纪字[2008]13号,,,关于对江苏南京赛区(舜天队主场)的处罚决定,http://www.thecfa.cn/cftz/20080618/8237.html
1013,足纪字[2008]12号,,,对上海申花U-17队及相关人员违规违纪处罚决定,http://www.thecfa.cn/cftz/20080612/8238.html
1014,,,,对北京宏登俱乐部及相关人员违规违纪处罚决定,http://www.thecfa.cn/cftz/20080612/8239.html
1015,足纪字[2008]10号,,,对四川足球俱乐部及相关人员违规违纪的处罚决定,http://www.thecfa.cn/cftz/20080604/8240.html
1016,足纪字[2008]07号,,,对天津泰达足球俱乐部及相关人员的处罚决定,http://www.thecfa.cn/cftz/20080522/8241.html
1017,足纪字[2008]08号,,,中国足协关于对天津泰达赛区的处罚决定,http://www.thecfa.cn/cftz/20080522/8242.html
1018,足纪字[2008]09号,,,对南昌八一衡源足球俱乐部运动员的处罚决定,http://www.thecfa.cn/cftz/20080522/8243.html
1019,足纪字[2008]06号,,,关于对无锡中邦队运动员违规违纪的处罚决定,http://www.thecfa.cn/cftz/20080515/8244.html
1020,足纪字[2008]05号,,,对武汉队运动员及大连队违规违纪的处罚决定,http://www.thecfa.cn/cftz/20080508/8245.html
1021,足纪字[2008]05号,,,对武汉队运动员及大连队违规违纪的处罚决定,http://www.thecfa.cn/cftz/20080507/8246.html
1022,足纪字[2008]04号,,,对成都谢菲联俱乐部教练员违规违纪的处罚决定,http://www.thecfa.cn/cftz/20080507/8247.html
1023,足纪字[2008]01号,,,对辽足俱乐部宏运队运动员违规违纪的处罚决定,http://www.thecfa.cn/cftz/20080402/8248.html
1024,足纪字[2007]19号,,,对西藏惠通陆华足球俱乐部及队员违规违纪处罚,http://www.thecfa.cn/cftz/20071024/8249.html
1025,足纪字[2007]18号,,,对中超辽宁足球俱乐部教练员违规违纪的处罚决定,http://www.thecfa.cn/cftz/20070904/8250.html
1026,足纪字[2007]17号,,,关于对中甲联赛成都赛区的处罚决定,http://www.thecfa.cn/cftz/20070829/8251.html
1027,足纪字[2007]16号,,,关于对07金威啤酒中超联赛青岛赛区的处罚决定,http://www.thecfa.cn/cftz/20070827/8252.html
1028,足纪字[2007]15号,,,关于对浙江绿城俱乐部教练员违规违纪的处罚决定,http://www.thecfa.cn/cftz/20070826/8253.html
1029,足纪字[2007] 13号,,,关于对深圳上清饮足球俱乐部队违规违纪的处罚决定,http://www.thecfa.cn/cftz/20070815/8254.html
1030,足纪字[2007]14号,,,关于对八一衡源足球俱乐部及运动员违规违纪的处罚决定,http://www.thecfa.cn/cftz/20070815/8255.html
1031,足纪字[2007]12号,,,关于对西藏惠通陆华足球俱乐部的处罚决定,http://www.thecfa.cn/cftz/20070808/8256.html
1032,,,,关于对山东鲁能俱乐部违规违纪的处罚决定,http://www.thecfa.cn/cftz/20070724/8258.html
1033,,,,关于对山东鲁能俱乐部违规违纪的处罚决定,http://www.thecfa.cn/cftz/20070724/8257.html
1034,足纪字[2007]10号,,,关于对广州医药足球俱乐部主教练沈祥福的处罚决定,http://www.thecfa.cn/cftz/20070626/8259.html
1035,足纪字[2007]8号,,,关于对陕西宝荣浐灞足球俱乐部中新浐灞队及教练员、运动员违规违纪的处罚决定,http://www.thecfa.cn/cftz/20070529/8260.html
1036,足纪字[2007]5号,,,关于对呼和浩特队教练员程强的处罚决定,http://www.thecfa.cn/cftz/20070426/8261.html
1037,足纪字[2007]4号,,,关于对厦门蓝狮队运动员梅尔坎的处罚决定,http://www.thecfa.cn/cftz/20070426/8262.html
1038,足纪字[2007]3号,,,关于对07金威啤酒中超联赛河南赛区的处罚决定,http://www.thecfa.cn/cftz/20070414/8263.html
1039,足纪字[2007]2号,,,关于对陕西宝荣浐灞足球俱乐部中新浐灞队及教练员违规违纪的处罚决定,http://www.thecfa.cn/cftz/20070329/8264.html
1040,足纪字[2007]1号,,,关于对大连实德队员杨科维奇违规违纪处罚决定,http://www.thecfa.cn/cftz/20070306/8265.html
1041,,,,2006年足协杯赛中违规违纪处罚决定,http://www.thecfa.cn/cftz/20061222/8266.html
1042,足纪字[2006]21号,,,职业俱乐部预备队联赛违规违纪处罚,http://www.thecfa.cn/cftz/20061110/8267.html
1043,,,,中甲第25轮黄、红牌统计及第26轮停赛通知,http://www.thecfa.cn/cftz/20061023/8268.html
1044,足纪字[2006]20号,,,关于对长春赛区违规违纪的处罚决定,http://www.thecfa.cn/cftz/20060921/8269.html
1045,足纪字[2006]19号,,,对沈阳赛区违规违纪的处罚决定,http://www.thecfa.cn/cftz/20060830/8270.html
1046,足纪字[2006]18号,,,对重庆力帆教练徐晖违规违纪的处罚决定,http://www.thecfa.cn/cftz/20060824/8271.html
1047,足纪字[2006]17号,,,关于对中甲联赛中违规违纪的处罚决定,http://www.thecfa.cn/cftz/20060822/8272.html
1048,足纪字[2006]16号,,,关于对西安赛区违规违纪的处罚决定,http://www.thecfa.cn/cftz/20060818/8273.html
1049,足纪字[2006]16号,,,关于对西安赛区违规违纪的处罚决定,http://www.thecfa.cn/cftz/20060818/8274.html
1050,足纪字[2006]13号,,,对国际俱乐部和教练员贾春华的处罚决定,http://www.thecfa.cn/cftz/20060725/8275.html
1051,足纪字[2006]12号,,,对延边教练金光洙山西教练丁哲处罚决定,http://www.thecfa.cn/cftz/20060719/8276.html
1052,足纪字[2006]11号,,,对2006足协杯赛中违规违纪的处罚决定,http://www.thecfa.cn/cftz/20060713/8277.html
1053,足纪字[2006]10号,,,2006爱福克斯中超联赛违规违纪处罚决定,http://www.thecfa.cn/cftz/20060530/8278.html
1054,,,,对中国U21国家队队员周海滨处罚的决定,http://www.thecfa.cn/cftz/20060526/8279.html
1055,足纪字[2006]9号,,,关于对中超联赛中违规违纪的处罚决定,http://www.thecfa.cn/cftz/20060522/8280.html
1056,足纪字[2006]8号,,,关于对中超联赛中违规违纪的处罚决定,http://www.thecfa.cn/cftz/20060509/8281.html
1057,足纪字[2006]7号,,,关于对辽宁抚顺赛区违规违纪的处罚决定,http://www.thecfa.cn/cftz/20060509/8282.html
1058,足纪字[2006]6号,,,关于对西安赛区违规违纪的处罚决定,http://www.thecfa.cn/cftz/20060429/8283.html
1059,足纪字[2006]4号,,,关于对中甲联赛中违规违纪的处罚决定,http://www.thecfa.cn/cftz/20060418/8284.html
1060,足纪字[2006]3号,,,深足王宝山与陕西球迷发生冲突的通报,http://www.thecfa.cn/cftz/20060410/8285.html
1061,足纪字[2006]1号,,,2006年足协杯违规违纪纪律处罚,http://www.thecfa.cn/cftz/20060317/8286.html
1062,中超字[2006]17号,,,取消湘军延边06足协杯参赛资格的通知,http://www.thecfa.cn/cftz/20060314/8287.html
1063,足纪字[2005]15号,,,中超第23轮中违规违纪事件处罚决定,http://www.thecfa.cn/cftz/20051021/8288.html
1064,足纪字[2005]14号,,,对全国女足U16赛中违规的处罚通报,http://www.thecfa.cn/cftz/20051001/8289.html
1065,,,,大连实德队员邹捷违规违纪的处罚决定,http://www.thecfa.cn/cftz/20050907/8290.html
1066,足纪字[2005]12号,,,关于对青岛海信队张翼飞的处罚决定,http://www.thecfa.cn/cftz/20050720/8291.html
1067,足纪字[2005]11号,,,重庆力帆队教练员马林违规违纪的处罚决定,http://www.thecfa.cn/cftz/20050706/8292.html
1068,足纪字[2005]10号,,,对李雷雷违规违纪的处罚决定,http://www.thecfa.cn/cftz/20050706/8293.html
1069,足纪字[2005]9号,,,足协杯赛武汉赛区违规违纪的处罚决定,http://www.thecfa.cn/cftz/20050629/8294.html
1070,足纪字[2005]8号,,,对中甲新乡赛区违规违纪的处罚决定,http://www.thecfa.cn/cftz/20050610/8295.html
1071,足纪字[2005]7号,,,关于湖南湘军队吴振宇的处罚决定,http://www.thecfa.cn/cftz/20050608/8296.html
1072,足纪字[2005]6号,,,对中甲联赛长春赛区的处罚决定,http://www.thecfa.cn/cftz/20050524/8297.html
1073,足纪字[2005]4号,,,取消陕西国力足球俱乐部注册资格的决定,http://www.thecfa.cn/cftz/20050402/8298.html
1074,足纪字[2005]3号,,,足协杯祁宏等违规违纪行为的处罚决定,http://www.thecfa.cn/cftz/20050329/8299.html
1075,足纪字[2004]11号,,,对沈阳金德张可兴奋剂的处罚,http://www.thecfa.cn/cftz/20050125/8300.html
1076,足纪字[2004]11号,,,对科健教练孙宪义违规的处罚,http://www.thecfa.cn/cftz/20041227/8326.html
1077,足纪字[2004]08号,,,中甲联赛对王珀违纪的处罚决定,http://www.thecfa.cn/cftz/20041227/8325.html
1078,足纪字[2004]10号,,,对上海（国际）赛区违规的处罚,http://www.thecfa.cn/cftz/20041227/8324.html
1079,足纪字[2004]07号,,,对中甲中江洪违纪的处罚决定,http://www.thecfa.cn/cftz/20041227/8323.html
1080,足纪字[2004]06号,,,女超联赛中违规违纪的处罚决定,http://www.thecfa.cn/cftz/20041227/8322.html
1081,足纪字[2004]04号,,,中甲联赛孙宪义违纪的处罚决定,http://www.thecfa.cn/cftz/20041227/8321.html
1082,足纪字[2004]05号,,,足协杯范志毅违纪的处罚决定,http://www.thecfa.cn/cftz/20041227/8320.html
1083,足纪字[2004]02号,,,对体测中高飞违规的处罚决定,http://www.thecfa.cn/cftz/20041227/8319.html
1084,体足字[2004]81号,,,对张帅兴奋剂事件的处罚决定,http://www.thecfa.cn/cftz/20041227/8318.html
1085,足纪字[2004]01号,,,对刘正坤体测违纪的处罚决定,http://www.thecfa.cn/cftz/20041227/8317.html
1086,足乙纪字（南）[2004]05号,,,关于乙级联赛中违纪违规的处罚决定,http://www.thecfa.cn/cftz/20041227/8316.html
1087,北乙纪字[2004]02号,,,乙级联赛（北区）纪律委员会处罚决定,http://www.thecfa.cn/cftz/20041227/8315.html
1088,足纪字[2004]24号,,,对青岛教练员汤乐普冷波的处罚,http://www.thecfa.cn/cftz/20041227/8314.html
1089,足纪字[2004]25号,,,对四川冠城姜坤违纪的处罚决定,http://www.thecfa.cn/cftz/20041227/8313.html
1090,足纪字[2004]26号,,,中甲海利丰及国力违规违纪的处罚决定,http://www.thecfa.cn/cftz/20041227/8312.html
1091,足纪字[2004]27号,,,对四川冠城赛区违规违纪的处罚决定,http://www.thecfa.cn/cftz/20041227/8311.html
1092,足纪字[2004]29号,,,对于胡云峰违规违纪行为的处罚决定,http://www.thecfa.cn/cftz/20041227/8310.html
1093,足纪字[2004]28号,,,对大连和重庆违规违纪的处罚决定,http://www.thecfa.cn/cftz/20041227/8309.html
1094,足纪字[2004]30号,,,对于北京现代罢赛的处罚决定,http://www.thecfa.cn/cftz/20041227/8308.html
1095,足纪字[2004]12号,,,足协对中超违纪的上海国际处罚决定,http://www.thecfa.cn/cftz/20041227/8307.html
1096,足纪字[2004]22号,,,对深圳健力宝队体能教练的纪律处罚,http://www.thecfa.cn/cftz/20041227/8306.html
1097,足纪字[2004]28号,,,关于对2004西门子移动中超联赛中违规违纪行为的处罚决定,http://www.thecfa.cn/cftz/20041227/8305.html
1098,足纪字[2004]29号,,,关于对南京有有足球俱乐部运动员胡云峰违规违纪行为的处罚决定,http://www.thecfa.cn/cftz/20041227/8304.html
1099,足纪字[2004]33号,,,对04中超联赛中违规违纪行为的处罚决定,http://www.thecfa.cn/cftz/20041227/8303.html
1100,足纪字[2004]37号,,,对甘肃天马队李维良违规违纪的处罚决定,http://www.thecfa.cn/cftz/20041227/8302.html
1101,足纪字[2004]21号,,,关于2004蓝带中国足协杯赛中违规违纪的处罚决定,http://www.thecfa.cn/cftz/20041227/8301.html
